Time,Sound Velocity ,Pressure,Depth,Temperature ,Conductivity ,Salinity,Potential Temperature,Oxygen [mg/l],Oxygen [umol/Kg],Density
0,1492.3,1.369,1.356,12.1304,35.79051,30.8166,12.1302,4.02238,122.837,1023.3244
0.25,1492.31,1.362,1.35,12.1317,35.793672,30.8185,12.1315,4.00786,122.393,1023.3256
0.5,1492.31,1.356,1.344,12.1405,35.777739,30.7961,12.1403,3.99377,121.965,1023.3066
0.75,1492.31,1.357,1.344,12.1569,35.738385,30.745,12.1567,3.98219,121.617,1023.2639
1,1492.29,1.364,1.352,12.1653,35.706048,30.7071,12.1651,3.9729,121.337,1023.2331
1.25,1492.29,1.375,1.362,12.1634,35.706296,30.709,12.1632,3.97787,121.488,1023.2349
1.5,1492.32,1.377,1.364,12.1619,35.735596,30.7382,12.1617,3.9774,121.471,1023.2579
1.75,1492.34,1.37,1.358,12.173,35.730948,30.7246,12.1729,3.97743,121.474,1023.2452
2,1491.34,1.36,1.347,12.1628,34.868991,29.9122,12.1628,4.00249,121.474,1022.6168
2.25,1490.29,1.356,1.343,11.8812,34.57332,29.8543,11.8811,4.00995,122.541,1022.6236
2.5,1489.37,1.361,1.349,11.5226,34.554897,30.126,11.5224,3.99368,122.011,1022.8984
2.75,1488.8,1.372,1.36,11.304,34.544958,30.2949,11.3039,3.98192,121.632,1023.0679
3,1488.5,1.378,1.365,11.1904,34.536719,30.3804,11.1902,4.05357,123.81,1023.1541
3.25,1488.35,1.373,1.361,11.1324,34.534159,30.4258,11.1322,4.23965,129.488,1023.1994
3.5,1488.28,1.358,1.346,11.1044,34.533551,30.4483,11.1042,4.52108,138.08,1023.2217
3.75,1488.24,1.346,1.333,11.0914,34.53013,30.4558,11.0912,4.86865,148.694,1023.2297
4,1488.22,1.342,1.329,11.0841,34.527625,30.4593,11.0839,5.24245,160.11,1023.2337
4.25,1488.2,1.349,1.336,11.0794,34.523348,30.459,11.0793,5.6113,171.375,1023.2343
4.5,1488.2,1.358,1.346,11.0758,34.52402,30.4627,11.0756,5.9348,181.254,1023.2379
4.75,1488.19,1.364,1.352,11.074,34.523776,30.4639,11.0738,6.18174,188.796,1023.2392
5,1488.19,1.358,1.345,11.0735,34.524448,30.465,11.0734,6.33219,193.39,1023.24
5.25,1488.19,1.346,1.333,11.0739,34.52677,30.4669,11.0738,6.39357,195.265,1023.2414
5.5,1488.2,1.334,1.322,11.076,34.528665,30.4671,11.0758,6.40654,195.661,1023.2411
5.75,1488.21,1.332,1.32,11.0785,34.529703,30.466,11.0784,6.39215,195.222,1023.2398
6,1488.22,1.338,1.325,11.0808,34.530559,30.465,11.0806,6.35732,194.158,1023.2387
6.25,1488.22,1.352,1.339,11.0826,34.530131,30.463,11.0824,6.31497,192.865,1023.2369
6.5,1488.19,1.364,1.352,11.0826,34.505567,30.439,11.0824,6.27349,191.602,1023.2183
6.75,1488.15,1.369,1.356,11.0707,34.492861,30.4364,11.0706,6.21891,189.935,1023.2183
7,1488.1,1.358,1.346,11.0548,34.490541,30.4473,11.0546,6.17755,188.669,1023.2295
7.25,1488.08,1.338,1.325,11.0439,34.492436,30.4582,11.0437,6.13617,187.404,1023.2398
7.5,1488.07,1.318,1.305,11.0395,34.49989,30.4691,11.0393,6.09371,186.105,1023.249
7.75,1488.08,1.305,1.293,11.0414,34.5005,30.4681,11.0413,6.05257,184.849,1023.2478
8,1488.08,1.307,1.295,11.044,34.496285,30.4619,11.0439,6.00596,183.427,1023.2425
8.25,1488.08,1.321,1.309,11.0435,34.493963,30.46,11.0434,5.97053,182.345,1023.2411
8.5,1488.08,1.343,1.33,11.0417,34.496896,30.4644,11.0415,5.93425,181.236,1023.245
8.75,1488.08,1.365,1.353,11.0421,34.500928,30.468,11.042,5.90217,180.256,1023.2478
9,1488.09,1.382,1.369,11.0445,34.497568,30.4627,11.0443,5.8658,179.146,1023.2434
9.25,1488.1,1.387,1.375,11.0459,34.505143,30.469,11.0457,5.85014,178.667,1023.248
9.5,1488.11,1.376,1.363,11.0503,34.503065,30.4633,11.0501,5.83114,178.088,1023.2428
9.75,1488.11,1.35,1.337,11.0526,34.504531,30.4628,11.0524,5.82325,177.847,1023.2419
10,1488.12,1.322,1.31,11.0539,34.506608,30.4638,11.0538,5.81159,177.49,1023.2423
10.25,1488.13,1.302,1.29,11.0557,34.508991,30.4646,11.0556,5.79794,177.074,1023.2425
10.5,1488.13,1.3,1.288,11.0585,34.509602,30.4629,11.0583,5.79675,177.037,1023.2408
10.75,1488.14,1.311,1.299,11.0604,34.507891,30.4596,11.0603,5.79059,176.85,1023.2379
11,1488.14,1.331,1.318,11.0612,34.507707,30.4588,11.061,5.79359,176.942,1023.2373
11.25,1488.14,1.369,1.357,11.0609,34.50728,30.4586,11.0607,5.78676,176.733,1023.2373
11.5,1488.13,1.413,1.4,11.0602,34.502209,30.4543,11.06,5.78697,176.74,1023.2342
11.75,1488.12,1.451,1.438,11.0574,34.499644,30.454,11.0572,5.80069,177.159,1023.2347
12,1488.11,1.474,1.461,11.0539,34.498789,30.4561,11.0537,5.80142,177.181,1023.237
12.25,1488.1,1.492,1.478,11.0513,34.493719,30.4533,11.0511,5.81037,177.455,1023.2354
12.5,1488.09,1.514,1.5,11.0473,34.493964,30.4568,11.0471,5.80039,177.149,1023.2389
12.75,1488.09,1.548,1.534,11.0448,34.497263,30.4621,11.0446,5.81672,177.647,1023.2436
13,1488.09,1.595,1.58,11.046,34.498362,30.4621,11.0458,5.8205,177.763,1023.2436
13.25,1488.1,1.645,1.63,11.0477,34.497324,30.4597,11.0475,5.81775,177.679,1023.2417
13.5,1488.1,1.695,1.679,11.0483,34.49879,30.4606,11.0481,5.81353,177.55,1023.2425
13.75,1488.11,1.734,1.718,11.0492,34.502822,30.4638,11.049,5.80649,177.335,1023.245
14,1488.12,1.77,1.753,11.0524,34.505144,30.4634,11.0522,5.82547,177.914,1023.2443
14.25,1488.13,1.807,1.791,11.0554,34.506854,30.4626,11.0552,5.81175,177.496,1023.2433
14.5,1488.14,1.85,1.833,11.0583,34.507709,30.461,11.058,5.79898,177.106,1023.2418
14.75,1488.15,1.89,1.872,11.0604,34.507037,30.4586,11.0601,5.79329,176.933,1023.2398
15,1488.15,1.924,1.906,11.0614,34.505143,30.4559,11.0612,5.78643,176.724,1023.2376
15.25,1488.15,1.952,1.934,11.0608,34.507893,30.459,11.0606,5.79248,176.908,1023.2403
15.5,1488.15,1.984,1.966,11.0615,34.510887,30.4614,11.0613,5.81091,177.47,1023.2422
15.75,1488.16,2.027,2.008,11.0639,34.509176,30.4577,11.0637,5.79662,177.035,1023.2391
16,1488.15,2.082,2.063,11.0637,34.497568,30.4465,11.0635,5.80927,177.422,1023.2306
16.25,1488.11,2.14,2.12,11.0568,34.485352,30.4402,11.0566,5.81413,177.571,1023.2272
16.5,1488.08,2.193,2.173,11.0452,34.47784,30.4425,11.0449,5.81183,177.501,1023.2312
16.75,1488.04,2.225,2.205,11.0328,34.470879,30.4459,11.0326,5.82274,177.833,1023.2361
17,1488,2.248,2.227,11.0221,34.457385,30.4416,11.0218,5.81765,177.678,1023.2347
17.25,1487.96,2.266,2.245,11.0087,34.452746,30.448,11.0085,5.82482,177.895,1023.2421
17.5,1487.93,2.291,2.269,10.9978,34.452503,30.4569,10.9975,5.81997,177.746,1023.251
17.75,1487.91,2.327,2.305,10.9914,34.449146,30.4589,10.9911,5.81959,177.734,1023.2538
18,1487.9,2.373,2.352,10.9866,34.448475,30.4622,10.9863,5.80693,177.346,1023.2574
18.25,1487.89,2.421,2.399,10.9836,34.446582,30.4628,10.9833,5.80064,177.154,1023.2587
18.5,1487.88,2.47,2.447,10.9813,34.447682,30.4658,10.981,5.77725,176.439,1023.2616
18.75,1487.88,2.516,2.492,10.9804,34.4464,30.4652,10.9801,5.74897,175.576,1023.2615
19,1487.87,2.562,2.538,10.9791,34.44176,30.4617,10.9788,5.72909,174.969,1023.2592
19.25,1487.86,2.605,2.581,10.9761,34.441333,30.4638,10.9758,5.70393,174.2,1023.2616
19.5,1487.86,2.644,2.619,10.974,34.442616,30.4668,10.9737,5.70305,174.173,1023.2644
19.75,1487.86,2.675,2.651,10.9733,34.444509,30.4692,10.973,5.68219,173.536,1023.2665
20,1487.86,2.704,2.679,10.974,34.444264,30.4683,10.9737,5.67447,173.3,1023.2659
20.25,1487.86,2.736,2.711,10.9743,34.443227,30.4671,10.974,5.66944,173.146,1023.265
20.5,1487.86,2.774,2.748,10.974,34.441334,30.4654,10.9737,5.66475,173.003,1023.2639
20.75,1487.86,2.818,2.792,10.9729,34.441762,30.4668,10.9726,5.66388,172.977,1023.2654
21,1487.86,2.869,2.842,10.9722,34.440907,30.4665,10.9719,5.6601,172.861,1023.2655
21.25,1487.85,2.91,2.883,10.9711,34.439442,30.4659,10.9708,5.65573,172.728,1023.2654
21.5,1487.85,2.943,2.916,10.9692,34.438588,30.4667,10.9688,5.64472,172.391,1023.2665
21.75,1487.84,2.969,2.942,10.9673,34.438161,30.4678,10.967,5.65359,172.662,1023.2678
22,1487.84,3.002,2.974,10.9663,34.434376,30.465,10.9659,5.64761,172.48,1023.2659
22.25,1487.82,3.042,3.014,10.9626,34.428883,30.4626,10.9623,5.6416,172.296,1023.2649
22.5,1487.81,3.097,3.068,10.9564,34.430349,30.4692,10.956,5.64799,172.491,1023.2713
22.75,1487.8,3.158,3.129,10.9531,34.429739,30.4712,10.9528,5.65198,172.612,1023.2738
23,1487.8,3.216,3.186,10.9515,34.43328,30.476,10.9512,5.65009,172.554,1023.278
23.25,1487.81,3.26,3.23,10.9528,34.43328,30.4749,10.9524,5.64679,172.453,1023.2772
23.5,1487.8,3.295,3.264,10.9541,34.428213,30.4689,10.9537,5.64078,172.27,1023.2724
23.75,1487.79,3.324,3.293,10.9508,34.421072,30.4646,10.9505,5.64299,172.338,1023.2697
24,1487.77,3.357,3.326,10.9438,34.420402,30.4697,10.9434,5.63357,172.05,1023.2751
24.25,1487.76,3.399,3.367,10.9391,34.422722,30.4759,10.9387,5.63619,172.129,1023.2809
24.5,1487.76,3.445,3.413,10.9384,34.42083,30.4746,10.938,5.62226,171.703,1023.2803
24.75,1487.74,3.492,3.459,10.937,34.41137,30.4665,10.9366,5.62715,171.854,1023.2743
25,1487.72,3.532,3.499,10.93,34.407587,30.4686,10.9296,5.63215,172.006,1023.2774
25.25,1487.7,3.571,3.538,10.9218,34.402096,30.4699,10.9214,5.63206,172.003,1023.28
25.5,1487.67,3.609,3.575,10.9138,34.401303,30.4758,10.9134,5.62617,171.822,1023.2861
25.75,1487.66,3.645,3.611,10.9086,34.400633,30.4795,10.9082,5.61829,171.581,1023.29
26,1487.66,3.687,3.653,10.9055,34.40399,30.4853,10.9051,5.61457,171.466,1023.2953
26.25,1487.66,3.738,3.704,10.9063,34.406736,30.4873,10.9059,5.5983,170.969,1023.2969
26.5,1487.68,3.796,3.761,10.9101,34.415585,30.4929,10.9096,5.59205,170.778,1023.3009
26.75,1487.7,3.858,3.822,10.9173,34.411556,30.4829,10.9168,5.57684,170.315,1023.2921
27,1487.7,3.914,3.877,10.9204,34.406064,30.4749,10.9199,5.56266,169.883,1023.2856
27.25,1487.69,3.955,3.919,10.918,34.400389,30.4712,10.9176,5.55576,169.673,1023.2834
27.5,1487.67,3.978,3.942,10.9116,34.398315,30.4745,10.9112,5.55068,169.517,1023.2872
27.75,1487.66,3.999,3.962,10.906,34.397034,30.478,10.9055,5.5471,169.407,1023.2909
28,1487.65,4.026,3.989,10.9016,34.399964,30.4845,10.9011,5.54805,169.435,1023.2968
28.25,1487.64,4.068,4.031,10.9006,34.397889,30.4833,10.9001,5.55242,169.568,1023.2963
28.5,1487.64,4.12,4.081,10.8999,34.397035,30.4829,10.8995,5.54279,169.274,1023.2963
28.75,1487.64,4.175,4.137,10.8987,34.399537,30.4864,10.8982,5.54708,169.405,1023.2995
29,1487.64,4.225,4.186,10.8992,34.397463,30.4839,10.8987,5.5464,169.385,1023.2977
29.25,1487.64,4.272,4.233,10.8989,34.395999,30.4827,10.8984,5.54504,169.343,1023.297
29.5,1487.64,4.322,4.282,10.8975,34.395999,30.4838,10.897,5.5384,169.14,1023.2984
29.75,1487.63,4.375,4.335,10.8968,34.393619,30.482,10.8963,5.53431,169.015,1023.2973
30,1487.62,4.427,4.386,10.8944,34.387091,30.4777,10.8938,5.5286,168.842,1023.2946
30.25,1487.6,4.47,4.428,10.8877,34.381418,30.4776,10.8872,5.52729,168.801,1023.2959
30.5,1487.57,4.503,4.461,10.8784,34.378247,30.4822,10.8779,5.52909,168.855,1023.3011
30.75,1487.55,4.526,4.484,10.8697,34.377028,30.4882,10.8692,5.52393,168.697,1023.3075
31,1487.54,4.551,4.508,10.8637,34.379469,30.4956,10.8632,5.52502,168.729,1023.3143
31.25,1487.53,4.582,4.539,10.8621,34.38014,30.4975,10.8616,5.516,168.453,1023.3163
31.5,1487.53,4.629,4.586,10.8627,34.379347,30.4963,10.8621,5.51176,168.324,1023.3154
31.75,1487.53,4.688,4.645,10.863,34.376785,30.4935,10.8625,5.5072,168.185,1023.3134
32,1487.53,4.754,4.71,10.8617,34.376358,30.4941,10.8612,5.50288,168.053,1023.3144
32.25,1487.53,4.815,4.77,10.8605,34.376359,30.4951,10.86,5.48903,167.63,1023.3157
32.5,1487.53,4.867,4.822,10.8596,34.376603,30.4961,10.859,5.47901,167.324,1023.3169
32.75,1487.53,4.903,4.857,10.8593,34.375932,30.4956,10.8587,5.46548,166.911,1023.3167
33,1487.52,4.933,4.887,10.8587,34.375078,30.4953,10.8581,5.45823,166.689,1023.3167
33.25,1487.52,4.966,4.92,10.8578,34.375749,30.4967,10.8572,5.44866,166.397,1023.318
33.5,1487.52,5.007,4.961,10.8575,34.37575,30.4969,10.857,5.4386,166.089,1023.3184
33.75,1487.52,5.055,5.009,10.8577,34.373859,30.4949,10.8571,5.42763,165.755,1023.3171
34,1487.52,5.104,5.057,10.8559,34.374286,30.4968,10.8553,5.43222,165.895,1023.3191
34.25,1487.51,5.149,5.101,10.8549,34.372761,30.4961,10.8543,5.43345,165.932,1023.3189
34.5,1487.51,5.184,5.136,10.8538,34.374897,30.4991,10.8532,5.4288,165.79,1023.3216
34.75,1487.51,5.216,5.168,10.8542,34.373616,30.4974,10.8536,5.43322,165.925,1023.3204
35,1487.52,5.253,5.204,10.8543,34.373433,30.4972,10.8537,5.42695,165.734,1023.3203
35.25,1487.51,5.297,5.248,10.8533,34.372762,30.4973,10.8527,5.4317,165.879,1023.3208
35.5,1487.51,5.348,5.298,10.8518,34.371969,30.4978,10.8512,5.41909,165.493,1023.3217
35.75,1487.5,5.403,5.353,10.85,34.369652,30.497,10.8494,5.42437,165.655,1023.3216
36,1487.49,5.453,5.402,10.8467,34.368798,30.4989,10.8461,5.4244,165.655,1023.3239
36.25,1487.49,5.495,5.444,10.8434,34.368799,30.5016,10.8428,5.43532,165.988,1023.3267
36.5,1487.48,5.53,5.479,10.8417,34.370263,30.5044,10.8411,5.44228,166.2,1023.3294
36.75,1487.49,5.566,5.514,10.8422,34.369836,30.5036,10.8416,5.43462,165.967,1023.3288
37,1487.48,5.607,5.555,10.8423,34.368799,30.5025,10.8417,5.43306,165.919,1023.3281
37.25,1487.48,5.658,5.605,10.8408,34.367518,30.5024,10.8402,5.4165,165.413,1023.3285
37.5,1487.47,5.708,5.655,10.8384,34.366238,30.5032,10.8377,5.41818,165.465,1023.3298
37.75,1487.47,5.75,5.697,10.8357,34.366238,30.5054,10.835,5.4077,165.144,1023.3322
38,1487.46,5.786,5.732,10.8337,34.366666,30.5075,10.833,5.40267,164.99,1023.3343
38.25,1487.46,5.817,5.763,10.8324,34.365629,30.5075,10.8318,5.40178,164.963,1023.3347
38.5,1487.45,5.847,5.793,10.8301,34.364348,30.5081,10.8295,5.40249,164.985,1023.3357
38.75,1487.44,5.888,5.834,10.8275,34.363129,30.5091,10.8268,5.41243,165.288,1023.3371
39,1487.44,5.936,5.881,10.8245,34.362031,30.5105,10.8238,5.40906,165.185,1023.3389
39.25,1487.43,5.993,5.938,10.8219,34.361422,30.512,10.8212,5.40687,165.118,1023.3408
39.5,1487.43,6.049,5.993,10.8201,34.361239,30.5133,10.8194,5.39831,164.856,1023.3423
39.75,1487.42,6.098,6.042,10.8192,34.36124,30.514,10.8185,5.38823,164.548,1023.3433
40,1487.43,6.139,6.082,10.8188,34.362277,30.5154,10.8181,5.38393,164.417,1023.3446
40.25,1487.43,6.174,6.117,10.8197,34.362704,30.5151,10.819,5.38215,164.362,1023.3443
40.5,1487.43,6.217,6.159,10.8206,34.362033,30.5136,10.8199,5.37373,164.105,1023.3433
40.75,1487.43,6.26,6.202,10.8203,34.359959,30.5119,10.8195,5.36988,163.988,1023.3421
41,1487.42,6.303,6.245,10.8168,34.358679,30.5134,10.8161,5.37064,164.011,1023.3442
41.25,1487.41,6.34,6.282,10.8116,34.35807,30.5171,10.8109,5.36695,163.898,1023.3481
41.5,1487.4,6.372,6.313,10.8071,34.358924,30.5218,10.8063,5.36221,163.752,1023.3526
41.75,1487.39,6.406,6.347,10.804,34.358071,30.5235,10.8033,5.35908,163.656,1023.3546
42,1487.38,6.452,6.392,10.8009,34.357034,30.525,10.8001,5.3558,163.556,1023.3566
42.25,1487.37,6.504,6.444,10.7972,34.356608,30.5276,10.7965,5.35153,163.425,1023.3594
42.5,1487.36,6.554,6.493,10.7942,34.356364,30.5299,10.7935,5.35151,163.424,1023.3619
42.75,1487.36,6.599,6.538,10.791,34.356609,30.5328,10.7902,5.34751,163.301,1023.365
43,1487.35,6.638,6.577,10.7888,34.356792,30.5348,10.7881,5.34244,163.146,1023.367
43.25,1487.35,6.679,6.617,10.7874,34.355756,30.5349,10.7867,5.33249,162.842,1023.3676
43.5,1487.34,6.731,6.668,10.7854,34.355512,30.5364,10.7846,5.33317,162.863,1023.3693
43.75,1487.34,6.789,6.726,10.783,34.354903,30.5377,10.7822,5.32892,162.733,1023.371
44,1487.33,6.842,6.779,10.7804,34.354903,30.5399,10.7796,5.32183,162.516,1023.3734
44.25,1487.33,6.877,6.813,10.7786,34.355086,30.5415,10.7778,5.31832,162.409,1023.3751
44.5,1487.32,6.901,6.837,10.778,34.355331,30.5423,10.7772,5.3109,162.182,1023.3759
44.75,1487.33,6.924,6.86,10.7784,34.355819,30.5424,10.7776,5.31115,162.19,1023.3761
45,1487.33,6.956,6.892,10.7787,34.355331,30.5417,10.7779,5.30501,162.002,1023.3756
45.25,1487.33,7.002,6.937,10.7773,34.355514,30.543,10.7765,5.30457,161.988,1023.377
45.5,1487.32,7.064,6.998,10.7744,34.354905,30.5448,10.7736,5.29962,161.837,1023.3792
45.75,1487.31,7.122,7.057,10.7707,34.355332,30.5483,10.7699,5.29389,161.661,1023.3828
46,1487.3,7.178,7.111,10.7656,34.35576,30.5529,10.7648,5.29516,161.7,1023.3875
46.25,1487.28,7.222,7.155,10.7582,34.356371,30.5597,10.7574,5.28936,161.521,1023.3943
46.5,1487.26,7.264,7.196,10.7493,34.356616,30.5674,10.7485,5.28391,161.354,1023.4019
46.75,1487.25,7.302,7.234,10.7438,34.356617,30.5719,10.743,5.2817,161.286,1023.4066
47,1487.24,7.339,7.272,10.7412,34.356373,30.5738,10.7404,5.27565,161.101,1023.4087
47.25,1487.24,7.376,7.308,10.74,34.3568,30.5753,10.7391,5.26285,160.71,1023.4102
47.5,1487.24,7.405,7.336,10.7391,34.35741,30.5766,10.7383,5.2668,160.83,1023.4114
47.75,1487.23,7.428,7.359,10.7381,34.358081,30.5781,10.7373,5.2575,160.546,1023.4129
48,1487.23,7.457,7.388,10.7367,34.358692,30.5798,10.7359,5.24839,160.267,1023.4146
48.25,1487.23,7.504,7.434,10.735,34.358692,30.5813,10.7341,5.24643,160.207,1023.4163
48.5,1487.22,7.57,7.5,10.7332,34.358082,30.5822,10.7323,5.23668,159.909,1023.4176
48.75,1487.22,7.638,7.567,10.7313,34.358266,30.5839,10.7304,5.23404,159.828,1023.4195
49,1487.22,7.699,7.628,10.7298,34.358693,30.5856,10.7289,5.23643,159.901,1023.4214
49.25,1487.22,7.741,7.669,10.7286,34.359974,30.5878,10.7277,5.23006,159.706,1023.4235
49.5,1487.21,7.78,7.707,10.7267,34.361255,30.5906,10.7258,5.21941,159.381,1023.4262
49.75,1487.21,7.811,7.739,10.7234,34.361866,30.5939,10.7226,5.21897,159.367,1023.4295
50,1487.2,7.843,7.77,10.7204,34.362293,30.5969,10.7195,5.21928,159.376,1023.4325
50.25,1487.2,7.871,7.798,10.7183,34.362294,30.5986,10.7174,5.21407,159.217,1023.4343
50.5,1487.19,7.901,7.828,10.7168,34.361867,30.5994,10.7159,5.21341,159.196,1023.4353
50.75,1487.19,7.927,7.853,10.7165,34.361623,30.5995,10.7156,5.20582,158.965,1023.4355
51,1487.19,7.954,7.88,10.7165,34.362477,30.6003,10.7156,5.20763,159.019,1023.4363
51.25,1487.19,7.993,7.919,10.7165,34.363148,30.6009,10.7156,5.20803,159.032,1023.4369
51.5,1487.19,8.051,7.977,10.7164,34.361867,30.5997,10.7155,5.20547,158.954,1023.4363
51.75,1487.19,8.121,8.046,10.7155,34.362295,30.6009,10.7145,5.19655,158.681,1023.4376
52,1487.19,8.189,8.113,10.7121,34.363637,30.605,10.7112,5.19219,158.548,1023.4417
52.25,1487.18,8.235,8.158,10.707,34.367359,30.613,10.706,5.1867,158.379,1023.449
52.5,1487.17,8.263,8.186,10.7007,34.369251,30.6201,10.6998,5.18348,158.279,1023.4557
52.75,1487.16,8.287,8.21,10.6965,34.369861,30.6242,10.6956,5.17394,157.987,1023.4597
53,1487.15,8.315,8.238,10.6925,34.370716,30.6284,10.6915,5.17448,158.003,1023.4638
53.25,1487.14,8.341,8.264,10.6897,34.370533,30.6305,10.6888,5.17753,158.096,1023.466
53.5,1487.14,8.37,8.292,10.6896,34.371753,30.6318,10.6886,5.16878,157.829,1023.4672
53.75,1487.15,8.403,8.326,10.6927,34.371753,30.6292,10.6917,5.17056,157.883,1023.4648
54,1487.16,8.451,8.372,10.6964,34.370533,30.6249,10.6954,5.16721,157.782,1023.4611
54.25,1487.16,8.516,8.437,10.6948,34.373034,30.6287,10.6938,5.16495,157.713,1023.4646
54.5,1487.14,8.586,8.507,10.6851,34.378709,30.6424,10.6841,5.1532,157.352,1023.4772
54.75,1487.11,8.652,8.572,10.6694,34.383165,30.6599,10.6684,5.15818,157.501,1023.4938
55,1487.07,8.694,8.613,10.6517,34.385241,30.6768,10.6507,5.14908,157.221,1023.5101
55.25,1487.03,8.714,8.633,10.6384,34.38506,30.6878,10.6374,5.14981,157.242,1023.521
55.5,1487.02,8.73,8.649,10.6323,34.38506,30.6929,10.6313,5.15344,157.352,1023.5261
55.75,1487.02,8.754,8.673,10.6348,34.384633,30.6903,10.6338,5.14358,157.051,1023.5238
56,1487.03,8.796,8.714,10.6381,34.386341,30.6893,10.6371,5.13793,156.879,1023.5226
56.25,1487.02,8.847,8.765,10.6334,34.386098,30.6929,10.6324,5.13122,156.673,1023.5264
56.5,1487.01,8.895,8.813,10.6303,34.385915,30.6954,10.6293,5.13065,156.655,1023.5291
56.75,1487.01,8.934,8.851,10.6294,34.386709,30.6969,10.6284,5.11674,156.23,1023.5306
57,1487.01,8.968,8.885,10.6287,34.387563,30.6983,10.6277,5.10888,155.99,1023.532
57.25,1487.01,9.004,8.92,10.6264,34.388234,30.7009,10.6254,5.09083,155.439,1023.5345
57.5,1487.01,9.054,8.97,10.6244,34.389272,30.7036,10.6234,5.07339,154.906,1023.5372
57.75,1487,9.112,9.028,10.6196,34.389883,30.7082,10.6186,5.06669,154.701,1023.5419
58,1486.98,9.172,9.087,10.6128,34.389274,30.7133,10.6117,5.05913,154.469,1023.5473
58.25,1486.96,9.223,9.137,10.6068,34.389519,30.7186,10.6058,5.05929,154.473,1023.5526
58.5,1486.96,9.26,9.174,10.6031,34.390129,30.7222,10.6021,5.04476,154.029,1023.5562
58.75,1486.95,9.286,9.2,10.6005,34.39074,30.725,10.5995,5.04684,154.092,1023.5589
59,1486.95,9.313,9.227,10.5989,34.391167,30.7268,10.5978,5.04997,154.188,1023.5608
59.25,1486.95,9.341,9.255,10.5995,34.391594,30.7267,10.5985,5.05284,154.275,1023.5607
59.5,1486.95,9.376,9.289,10.5995,34.391167,30.7263,10.5985,5.04564,154.055,1023.5605
59.75,1486.95,9.407,9.32,10.5973,34.391778,30.7288,10.5962,5.03593,153.759,1023.5629
60,1486.94,9.446,9.359,10.5936,34.392023,30.7321,10.5925,5.04176,153.936,1023.5663
60.25,1486.93,9.494,9.406,10.5896,34.391779,30.7352,10.5885,5.03002,153.577,1023.5696
60.5,1486.92,9.561,9.472,10.5864,34.39178,30.7379,10.5853,5.02732,153.494,1023.5726
60.75,1486.91,9.632,9.543,10.5839,34.391353,30.7395,10.5828,5.02101,153.301,1023.5746
61,1486.91,9.694,9.605,10.5818,34.392635,30.7425,10.5807,5.02037,153.281,1023.5776
61.25,1486.91,9.736,9.645,10.579,34.3941,30.7463,10.5779,5.02199,153.33,1023.5812
61.5,1486.9,9.757,9.667,10.5749,34.398127,30.7538,10.5738,5.01461,153.104,1023.5878
61.75,1486.89,9.773,9.682,10.5698,34.401057,30.761,10.5686,5.00932,152.942,1023.5943
62,1486.89,9.794,9.703,10.5697,34.401728,30.7617,10.5686,5.01196,153.022,1023.595
62.25,1486.89,9.825,9.734,10.5666,34.403377,30.7659,10.5655,5.00752,152.886,1023.5989
62.5,1486.87,9.862,9.771,10.5581,34.403622,30.7733,10.557,5.00755,152.886,1023.6063
62.75,1486.85,9.899,9.807,10.5514,34.403806,30.7791,10.5503,4.99444,152.485,1023.6121
63,1486.84,9.943,9.851,10.5472,34.406552,30.7854,10.5461,4.99373,152.462,1023.6179
63.25,1486.83,10.004,9.911,10.5428,34.40637,30.7889,10.5417,4.98688,152.253,1023.6216
63.5,1486.82,10.074,9.98,10.5383,34.406798,30.7931,10.5371,4.98341,152.146,1023.626
63.75,1486.82,10.136,10.042,10.5342,34.409118,30.7988,10.5331,4.97255,151.814,1023.6314
64,1486.81,10.176,10.081,10.5291,34.412658,30.8066,10.528,4.96157,151.478,1023.6385
64.25,1486.79,10.202,10.107,10.523,34.413086,30.8122,10.5218,4.95418,151.251,1023.644
64.5,1486.79,10.229,10.135,10.5203,34.413941,30.8153,10.5192,4.94378,150.933,1023.647
64.75,1486.79,10.266,10.171,10.5203,34.414185,30.8156,10.5191,4.93596,150.694,1023.6474
65,1486.79,10.308,10.212,10.5185,34.415406,30.8183,10.5174,4.92448,150.343,1023.6499
65.25,1486.78,10.338,10.243,10.5148,34.416505,30.8225,10.5136,4.92277,150.291,1023.654
65.5,1486.78,10.367,10.271,10.5114,34.421572,30.8304,10.5102,4.91776,150.137,1023.6609
65.75,1486.77,10.395,10.298,10.5048,34.428531,30.8429,10.5036,4.91145,149.943,1023.6718
66,1486.74,10.439,10.343,10.4931,34.430852,30.8551,10.4919,4.90686,149.801,1023.6835
66.25,1486.72,10.497,10.4,10.4825,34.430426,30.8636,10.4813,4.90084,149.616,1023.6922
66.5,1486.7,10.561,10.463,10.4757,34.431465,30.8704,10.4745,4.89844,149.542,1023.6988
66.75,1486.69,10.616,10.518,10.4707,34.433602,30.8768,10.4695,4.88766,149.212,1023.7049
67,1486.68,10.659,10.56,10.4653,34.435068,30.8827,10.4641,4.87577,148.848,1023.7106
67.25,1486.67,10.688,10.589,10.4608,34.436778,30.8882,10.4596,4.86978,148.664,1023.7158
67.5,1486.66,10.718,10.619,10.4575,34.437633,30.8919,10.4563,4.86329,148.466,1023.7194
67.75,1486.66,10.752,10.653,10.4553,34.438,30.8941,10.4541,4.84442,147.889,1023.7216
68,1486.65,10.792,10.692,10.4537,34.437817,30.8953,10.4525,4.8264,147.339,1023.723
68.25,1486.65,10.837,10.736,10.4532,34.437634,30.8955,10.452,4.81647,147.036,1023.7234
68.5,1486.65,10.879,10.779,10.4521,34.437207,30.896,10.4509,4.80247,146.608,1023.7242
68.75,1486.65,10.922,10.821,10.4505,34.437757,30.8979,10.4493,4.78618,146.111,1023.7261
69,1486.64,10.961,10.86,10.4486,34.438245,30.9,10.4473,4.77742,145.843,1023.7282
69.25,1486.64,11.011,10.909,10.4468,34.438002,30.9012,10.4455,4.76352,145.419,1023.7298
69.5,1486.64,11.063,10.96,10.445,34.438429,30.9031,10.4438,4.76733,145.535,1023.7317
69.75,1486.63,11.119,11.016,10.4439,34.438002,30.9037,10.4426,4.76603,145.495,1023.7326
70,1486.64,11.167,11.064,10.443,34.439712,30.9061,10.4417,4.7634,145.414,1023.7349
70.25,1486.63,11.209,11.105,10.4409,34.442032,30.9102,10.4396,4.76436,145.443,1023.7386
70.5,1486.63,11.243,11.139,10.4377,34.442887,30.9137,10.4364,4.76054,145.326,1023.7421
70.75,1486.62,11.28,11.175,10.4355,34.442888,30.9155,10.4343,4.76361,145.419,1023.744
71,1486.62,11.324,11.219,10.4343,34.443315,30.9169,10.4331,4.75541,145.169,1023.7455
71.25,1486.62,11.372,11.267,10.433,34.442888,30.9176,10.4317,4.7632,145.407,1023.7465
71.5,1486.61,11.418,11.313,10.4316,34.442889,30.9188,10.4303,4.75683,145.212,1023.7479
71.75,1486.61,11.467,11.361,10.4306,34.442461,30.9192,10.4293,4.75453,145.142,1023.7486
72,1486.61,11.518,11.411,10.4302,34.441851,30.919,10.4289,4.75566,145.176,1023.7486
72.25,1486.61,11.57,11.462,10.4307,34.440752,30.9174,10.4294,4.74821,144.949,1023.7476
72.5,1486.61,11.625,11.517,10.4321,34.439531,30.915,10.4308,4.7514,145.047,1023.7457
72.75,1486.62,11.67,11.561,10.4343,34.440142,30.9137,10.433,4.74968,144.994,1023.7445
73,1486.63,11.706,11.598,10.435,34.442279,30.9152,10.4337,4.74365,144.81,1023.7458
73.25,1486.63,11.735,11.626,10.434,34.443011,30.9167,10.4327,4.74694,144.911,1023.7473
73.5,1486.62,11.763,11.654,10.4331,34.442279,30.9167,10.4318,4.75326,145.103,1023.7475
73.75,1486.62,11.802,11.693,10.4331,34.440997,30.9154,10.4318,4.75079,145.028,1023.7467
74,1486.62,11.847,11.737,10.4339,34.440753,30.9145,10.4326,4.75492,145.154,1023.746
74.25,1486.63,11.894,11.784,10.4344,34.441608,30.9149,10.4331,4.75931,145.288,1023.7465
74.5,1486.63,11.936,11.825,10.4335,34.441852,30.9159,10.4322,4.75847,145.262,1023.7476
74.75,1486.63,11.977,11.866,10.4326,34.442463,30.9173,10.4313,4.76807,145.555,1023.749
75,1486.62,12.025,11.913,10.4322,34.442463,30.9177,10.4308,4.77074,145.637,1023.7496
75.25,1486.62,12.084,11.972,10.4316,34.442708,30.9184,10.4302,4.7721,145.678,1023.7505
75.5,1486.62,12.148,12.036,10.4296,34.443074,30.9204,10.4283,4.77374,145.728,1023.7527
75.75,1486.62,12.204,12.09,10.4276,34.443319,30.9223,10.4263,4.7784,145.87,1023.7548
76,1486.61,12.243,12.129,10.4264,34.443319,30.9233,10.4251,4.76591,145.489,1023.7559
76.25,1486.62,12.264,12.15,10.4261,34.444174,30.9244,10.4247,4.76806,145.554,1023.757
76.5,1486.62,12.285,12.171,10.4266,34.445212,30.925,10.4252,4.76006,145.31,1023.7575
76.75,1486.62,12.315,12.201,10.4276,34.444601,30.9236,10.4262,4.75416,145.13,1023.7563
77,1486.62,12.357,12.243,10.4278,34.443503,30.9222,10.4264,4.75115,145.038,1023.7554
77.25,1486.62,12.405,12.29,10.4276,34.44332,30.9223,10.4262,4.74802,144.943,1023.7557
77.5,1486.62,12.451,12.336,10.4271,34.443503,30.9228,10.4257,4.74158,144.746,1023.7564
77.75,1486.62,12.502,12.386,10.4258,34.443992,30.9243,10.4244,4.74221,144.765,1023.758
78,1486.62,12.551,12.434,10.4246,34.444175,30.9256,10.4232,4.74376,144.812,1023.7594
78.25,1486.62,12.6,12.483,10.4237,34.445213,30.9273,10.4223,4.74493,144.848,1023.7612
78.5,1486.61,12.644,12.527,10.4225,34.446068,30.9292,10.4211,4.7481,144.944,1023.763
78.75,1486.61,12.688,12.57,10.4212,34.446069,30.9303,10.4198,4.73789,144.632,1023.7643
79,1486.61,12.728,12.61,10.4203,34.446069,30.931,10.4189,4.74243,144.771,1023.7652
79.25,1486.61,12.76,12.642,10.4199,34.446069,30.9313,10.4185,4.73836,144.647,1023.7656
79.5,1486.61,12.797,12.678,10.4198,34.445825,30.9312,10.4184,4.7423,144.767,1023.7657
79.75,1486.61,12.835,12.716,10.4197,34.445215,30.9307,10.4182,4.7412,144.733,1023.7655
80,1486.61,12.873,12.754,10.4199,34.444787,30.93,10.4185,4.74149,144.742,1023.7651
80.25,1486.61,12.917,12.798,10.4209,34.444604,30.929,10.4194,4.73973,144.689,1023.7644
80.5,1486.61,12.968,12.848,10.4215,34.44436,30.9282,10.4201,4.73752,144.621,1023.7639
80.75,1486.62,13.026,12.906,10.4216,34.444604,30.9284,10.4201,4.74442,144.832,1023.7643
81,1486.62,13.085,12.964,10.4216,34.444788,30.9285,10.4201,4.7368,144.599,1023.7646
81.25,1486.62,13.137,13.015,10.4209,34.445032,30.9293,10.4195,4.73404,144.515,1023.7656
81.5,1486.62,13.169,13.047,10.4207,34.445216,30.9297,10.4192,4.72744,144.313,1023.7661
81.75,1486.62,13.186,13.064,10.4211,34.446681,30.9308,10.4196,4.72311,144.181,1023.767
82,1486.63,13.192,13.07,10.4229,34.448818,30.9314,10.4214,4.71884,144.051,1023.7671
82.25,1486.63,13.205,13.083,10.4247,34.447841,30.9289,10.4232,4.72349,144.193,1023.7649
82.5,1486.63,13.247,13.124,10.4254,34.445032,30.9254,10.424,4.72693,144.298,1023.7623
82.75,1486.63,13.322,13.199,10.4244,34.444605,30.9259,10.4229,4.72561,144.258,1023.7632
83,1486.63,13.415,13.29,10.4237,34.443751,30.9255,10.4222,4.72809,144.334,1023.7635
83.25,1486.63,13.506,13.381,10.4242,34.443934,30.9252,10.4227,4.73554,144.561,1023.7636
83.5,1486.63,13.561,13.436,10.4236,34.444606,30.9264,10.4221,4.7429,144.786,1023.7648
83.75,1486.63,13.582,13.456,10.4227,34.446071,30.9286,10.4212,4.75177,145.056,1023.7668
84,1486.63,13.575,13.449,10.4229,34.447537,30.9299,10.4214,4.76131,145.347,1023.7677
84.25,1486.64,13.567,13.441,10.4244,34.448574,30.9297,10.4229,4.7556,145.173,1023.7673
84.5,1486.64,13.582,13.456,10.4262,34.450711,30.9303,10.4246,4.76425,145.437,1023.7675
84.75,1486.65,13.632,13.506,10.428,34.449429,30.9274,10.4265,4.76388,145.426,1023.7652
85,1486.65,13.706,13.579,10.4274,34.447353,30.9258,10.4259,4.76132,145.348,1023.7644
85.25,1486.64,13.784,13.657,10.4257,34.446927,30.9269,10.4242,4.74515,144.855,1023.7658
85.5,1486.64,13.855,13.727,10.424,34.447354,30.9287,10.4225,4.7432,144.795,1023.7679
85.75,1486.64,13.902,13.773,10.4214,34.450957,30.9345,10.4198,4.73395,144.512,1023.773
86,1486.63,13.937,13.808,10.4164,34.453461,30.9412,10.4148,4.73301,144.482,1023.7793
86.25,1486.61,13.96,13.831,10.4107,34.454073,30.9467,10.4091,4.72688,144.294,1023.7846
86.5,1486.61,13.985,13.855,10.4086,34.45047,30.9449,10.407,4.72365,144.196,1023.7836
86.75,1486.61,14.013,13.883,10.4088,34.449677,30.9438,10.4073,4.73002,144.39,1023.7829
87,1486.61,14.049,13.919,10.4102,34.448578,30.9415,10.4087,4.72199,144.146,1023.7811
87.25,1486.61,14.096,13.965,10.412,34.448211,30.9397,10.4104,4.72986,144.386,1023.7796
87.5,1486.62,14.151,14.02,10.4135,34.448578,30.9387,10.4119,4.73126,144.429,1023.7788
87.75,1486.62,14.208,14.077,10.4137,34.449433,30.9393,10.4122,4.72694,144.297,1023.7795
88,1486.62,14.258,14.125,10.4122,34.450288,30.9415,10.4106,4.73037,144.401,1023.7817
88.25,1486.61,14.296,14.163,10.4099,34.451143,30.9443,10.4083,4.72468,144.227,1023.7844
88.5,1486.61,14.322,14.189,10.4072,34.454318,30.9497,10.4056,4.72618,144.272,1023.7892
88.75,1486.61,14.352,14.218,10.4045,34.454929,30.9527,10.4028,4.72271,144.166,1023.7921
89,1486.6,14.397,14.263,10.4025,34.454075,30.9534,10.4009,4.73244,144.463,1023.7932
89.25,1486.6,14.46,14.326,10.4009,34.455358,30.956,10.3993,4.71975,144.075,1023.7958
89.5,1486.6,14.526,14.391,10.3983,34.457678,30.9605,10.3967,4.70992,143.775,1023.8
89.75,1486.59,14.569,14.434,10.3935,34.461892,30.9688,10.3919,4.71627,143.967,1023.8075
90,1486.57,14.59,14.454,10.3867,34.462321,30.9751,10.385,4.70948,143.759,1023.8136
90.25,1486.56,14.602,14.467,10.3829,34.46342,30.9793,10.3813,4.70632,143.662,1023.8176
90.5,1486.56,14.627,14.492,10.3816,34.462138,30.9792,10.3799,4.70663,143.672,1023.8178
90.75,1486.56,14.678,14.542,10.3816,34.461528,30.9785,10.38,4.69764,143.397,1023.8175
91,1486.56,14.751,14.614,10.381,34.462994,30.9805,10.3794,4.69755,143.394,1023.8195
91.25,1486.56,14.829,14.692,10.3777,34.468674,30.9889,10.376,4.69424,143.292,1023.827
91.5,1486.54,14.889,14.751,10.3708,34.468247,30.9944,10.3691,4.69524,143.322,1023.8326
91.75,1486.53,14.929,14.79,10.366,34.469347,30.9995,10.3644,4.68276,142.941,1023.8376
92,1486.53,14.954,14.816,10.364,34.468492,31.0004,10.3623,4.67421,142.679,1023.8387
92.25,1486.53,14.98,14.841,10.3654,34.46721,30.9979,10.3638,4.67067,142.572,1023.8366
92.5,1486.53,15.014,14.875,10.3674,34.465927,30.9949,10.3657,4.66953,142.537,1023.8342
92.75,1486.54,15.058,14.918,10.3691,34.464462,30.9919,10.3675,4.66994,142.55,1023.8318
93,1486.54,15.107,14.967,10.3699,34.465317,30.9921,10.3683,4.65628,142.133,1023.832
93.25,1486.54,15.152,15.012,10.3693,34.467393,30.9947,10.3676,4.65633,142.134,1023.8343
93.5,1486.54,15.194,15.053,10.367,34.46892,30.9982,10.3653,4.6522,142.008,1023.8376
93.75,1486.54,15.234,15.092,10.3644,34.470386,31.0018,10.3627,4.662,142.307,1023.8411
94,1486.53,15.282,15.14,10.3623,34.471425,31.0047,10.3605,4.65926,142.223,1023.8438
94.25,1486.53,15.34,15.197,10.3598,34.471853,31.0072,10.3581,4.65452,142.078,1023.8465
94.5,1486.52,15.399,15.256,10.3577,34.473136,31.0102,10.356,4.65932,142.224,1023.8495
94.75,1486.52,15.451,15.308,10.3552,34.474053,31.0132,10.3535,4.65467,142.081,1023.8524
95,1486.52,15.494,15.35,10.3527,34.47503,31.0163,10.351,4.65757,142.17,1023.8555
95.25,1486.51,15.525,15.381,10.3504,34.476496,31.0198,10.3486,4.65333,142.04,1023.8587
95.5,1486.51,15.551,15.407,10.3485,34.476497,31.0214,10.3467,4.645,141.785,1023.8604
95.75,1486.51,15.577,15.433,10.3473,34.477169,31.023,10.3456,4.63649,141.525,1023.862
96,1486.5,15.614,15.469,10.3457,34.47607,31.0233,10.3439,4.63279,141.412,1023.8626
96.25,1486.5,15.662,15.517,10.3451,34.475459,31.0232,10.3433,4.6355,141.495,1023.8629
96.5,1486.5,15.721,15.575,10.3461,34.475215,31.0221,10.3443,4.62567,141.195,1023.8621
96.75,1486.51,15.785,15.639,10.3471,34.475032,31.021,10.3453,4.63592,141.508,1023.8614
97,1486.51,15.845,15.698,10.3479,34.474177,31.0194,10.3462,4.63228,141.397,1023.8603
97.25,1486.51,15.894,15.747,10.3484,34.474604,31.0194,10.3466,4.62536,141.186,1023.8604
97.5,1486.51,15.927,15.779,10.3482,34.475032,31.02,10.3464,4.63251,141.404,1023.861
97.75,1486.51,15.947,15.799,10.3483,34.476315,31.0212,10.3465,4.63348,141.433,1023.862
98,1486.51,15.959,15.811,10.3475,34.477781,31.0233,10.3457,4.63652,141.526,1023.8639
98.25,1486.51,15.978,15.83,10.3451,34.478209,31.0258,10.3433,4.63757,141.558,1023.8663
98.5,1486.5,16.018,15.869,10.3427,34.479064,31.0287,10.3409,4.64152,141.678,1023.8691
98.75,1486.5,16.082,15.933,10.3414,34.479858,31.0306,10.3396,4.63297,141.417,1023.8711
99,1486.5,16.164,16.014,10.3395,34.481569,31.0338,10.3377,4.64217,141.697,1023.8744
99.25,1486.49,16.243,16.092,10.3367,34.480104,31.0347,10.3349,4.63521,141.485,1023.8759
99.5,1486.49,16.302,16.151,10.3355,34.479249,31.0349,10.3337,4.62829,141.274,1023.8764
99.75,1486.49,16.336,16.185,10.3357,34.479249,31.0347,10.3338,4.62016,141.025,1023.8765
100,1486.49,16.349,16.197,10.3363,34.480349,31.0353,10.3344,4.62369,141.133,1023.8769
100.25,1486.49,16.352,16.201,10.3367,34.480104,31.0347,10.3348,4.61317,140.812,1023.8764
100.5,1486.5,16.366,16.214,10.3366,34.481814,31.0365,10.3348,4.61476,140.86,1023.8778
100.75,1486.5,16.401,16.249,10.3348,34.484747,31.0409,10.333,4.6067,140.614,1023.8817
101,1486.49,16.463,16.31,10.3309,34.485419,31.0449,10.3291,4.60993,140.712,1023.8858
101.25,1486.48,16.538,16.385,10.3278,34.482854,31.045,10.3259,4.6138,140.83,1023.8867
101.5,1486.48,16.615,16.461,10.3273,34.481816,31.0444,10.3254,4.60826,140.661,1023.8866
101.75,1486.48,16.67,16.516,10.3286,34.480534,31.0419,10.3267,4.60438,140.543,1023.8848
102,1486.49,16.703,16.548,10.33,34.483893,31.0441,10.3281,4.59733,140.327,1023.8864
102.25,1486.48,16.717,16.562,10.3287,34.484321,31.0456,10.3269,4.60288,140.497,1023.8878
102.5,1486.48,16.726,16.571,10.3277,34.481511,31.0437,10.3258,4.5972,140.323,1023.8865
102.75,1486.48,16.742,16.587,10.3296,34.478213,31.0387,10.3277,4.59797,140.347,1023.8824
103,1486.49,16.778,16.622,10.3336,34.475464,31.0326,10.3317,4.59442,140.24,1023.8772
103.25,1486.5,16.831,16.674,10.3387,34.476074,31.0288,10.3368,4.60196,140.47,1023.8736
103.5,1486.51,16.899,16.743,10.3419,34.474425,31.0244,10.34,4.61095,140.745,1023.8699
103.75,1486.52,16.978,16.821,10.3442,34.476502,31.0245,10.3423,4.606,140.594,1023.87
104,1486.53,17.05,16.892,10.3427,34.489024,31.0382,10.3408,4.61648,140.913,1023.8812
104.25,1486.51,17.104,16.945,10.3317,34.494095,31.0526,10.3298,4.62217,141.085,1023.8946
104.5,1486.48,17.132,16.973,10.3192,34.496174,31.0654,10.3173,4.6178,140.95,1023.9067
104.75,1486.45,17.137,16.978,10.3104,34.491104,31.0679,10.3085,4.62021,141.023,1023.9101
105,1486.44,17.133,16.974,10.3112,34.482003,31.0581,10.3093,4.62057,141.035,1023.9024
105.25,1486.47,17.144,16.985,10.3181,34.490676,31.0609,10.3161,4.6163,140.904,1023.9034
105.5,1486.47,17.18,17.021,10.3178,34.487744,31.0581,10.3159,4.61393,140.832,1023.9015
105.75,1486.47,17.24,17.08,10.3175,34.48921,31.0598,10.3156,4.61916,140.992,1023.9031
106,1486.47,17.305,17.145,10.3161,34.491776,31.0636,10.3141,4.59759,140.333,1023.9066
106.25,1486.47,17.366,17.205,10.3131,34.495198,31.0695,10.3112,4.59916,140.38,1023.912
106.5,1486.46,17.418,17.256,10.3079,34.495321,31.0741,10.3059,4.60056,140.422,1023.9167
106.75,1486.45,17.466,17.304,10.3043,34.493855,31.0757,10.3023,4.58361,139.905,1023.9187
107,1486.44,17.509,17.347,10.3037,34.492145,31.0745,10.3017,4.5855,139.962,1023.9181
107.25,1486.45,17.544,17.381,10.3057,34.491778,31.0723,10.3038,4.58209,139.858,1023.9162
107.5,1486.45,17.571,17.408,10.3075,34.491106,31.0701,10.3056,4.58208,139.858,1023.9143
107.75,1486.46,17.598,17.434,10.3083,34.492817,31.0711,10.3064,4.57861,139.752,1023.9151
108,1486.45,17.633,17.469,10.3073,34.493245,31.0724,10.3053,4.58288,139.883,1023.9165
108.25,1486.45,17.684,17.52,10.3061,34.493856,31.0741,10.3041,4.57733,139.713,1023.9182
108.5,1486.45,17.748,17.583,10.3053,34.493428,31.0742,10.3034,4.57754,139.72,1023.9187
108.75,1486.45,17.813,17.648,10.3051,34.492146,31.0731,10.3031,4.57877,139.757,1023.9182
109,1486.45,17.862,17.697,10.3058,34.490924,31.0713,10.3038,4.58016,139.8,1023.9168
109.25,1486.46,17.898,17.732,10.3074,34.490252,31.0692,10.3054,4.57099,139.52,1023.9152
109.5,1486.46,17.917,17.751,10.3091,34.489641,31.0671,10.3071,4.57138,139.532,1023.9133
109.75,1486.47,17.932,17.765,10.3112,34.490679,31.0664,10.3092,4.576,139.673,1023.9125
110,1486.47,17.951,17.784,10.3114,34.491168,31.0667,10.3094,4.57657,139.691,1023.9127
110.25,1486.47,17.986,17.819,10.3111,34.491779,31.0676,10.3091,4.58232,139.866,1023.9136
110.5,1486.47,18.035,17.868,10.3104,34.491535,31.0679,10.3084,4.57952,139.781,1023.9142
110.75,1486.47,18.091,17.924,10.3096,34.496178,31.0732,10.3076,4.57705,139.705,1023.9188
111,1486.47,18.152,17.984,10.3042,34.507603,31.0892,10.3021,4.59111,140.132,1023.9324
111.25,1486.44,18.214,18.045,10.2911,34.510171,31.103,10.289,4.59464,140.238,1023.9456
111.5,1486.41,18.273,18.103,10.2802,34.508889,31.111,10.2782,4.5918,140.15,1023.9539
111.75,1486.4,18.319,18.149,10.275,34.508463,31.115,10.2729,4.59149,140.14,1023.9581
112,1486.4,18.352,18.182,10.2731,34.509746,31.1179,10.271,4.59285,140.181,1023.9609
112.25,1486.4,18.369,18.198,10.272,34.511029,31.1201,10.27,4.59379,140.21,1023.9628
112.5,1486.39,18.384,18.213,10.2705,34.511029,31.1214,10.2684,4.58301,139.881,1023.9641
112.75,1486.39,18.41,18.239,10.269,34.510785,31.1225,10.2669,4.57486,139.632,1023.9653
113,1486.39,18.452,18.281,10.2677,34.511213,31.1239,10.2657,4.57132,139.523,1023.9669
113.25,1486.39,18.51,18.338,10.2666,34.511458,31.1251,10.2646,4.55944,139.161,1023.9682
113.5,1486.39,18.58,18.408,10.2652,34.512741,31.1276,10.2631,4.55537,139.036,1023.9707
113.75,1486.38,18.647,18.474,10.2631,34.512681,31.1293,10.261,4.54925,138.849,1023.9727
114,1486.38,18.707,18.533,10.2617,34.512926,31.1307,10.2596,4.53216,138.327,1023.9743
114.25,1486.38,18.746,18.572,10.2606,34.513781,31.1325,10.2585,4.52756,138.187,1023.9761
114.5,1486.38,18.767,18.593,10.2594,34.513781,31.1335,10.2574,4.5164,137.846,1023.9771
114.75,1486.38,18.775,18.6,10.26,34.514392,31.1336,10.2579,4.51675,137.857,1023.9771
115,1486.38,18.785,18.611,10.26,34.513965,31.1331,10.2579,4.51303,137.743,1023.9768
115.25,1486.38,18.816,18.642,10.2597,34.514637,31.1341,10.2576,4.50743,137.572,1023.9778
115.5,1486.38,18.877,18.701,10.2584,34.517387,31.1379,10.2563,4.50458,137.485,1023.9813
115.75,1486.37,18.957,18.781,10.2555,34.517388,31.1404,10.2534,4.50337,137.447,1023.984
116,1486.37,19.039,18.862,10.2528,34.518427,31.1437,10.2507,4.50626,137.535,1023.9874
116.25,1486.36,19.102,18.925,10.2503,34.518855,31.1462,10.2482,4.49334,137.141,1023.9901
116.5,1486.36,19.143,18.965,10.2484,34.519467,31.1485,10.2463,4.49371,137.152,1023.9923
116.75,1486.36,19.163,18.985,10.247,34.520995,31.1512,10.2449,4.4855,136.901,1023.9948
117,1486.36,19.169,18.991,10.246,34.520628,31.1517,10.2439,4.48781,136.971,1023.9953
117.25,1486.35,19.173,18.995,10.2454,34.519711,31.1513,10.2432,4.48637,136.927,1023.9952
117.5,1486.35,19.188,19.01,10.2456,34.519039,31.1504,10.2435,4.48268,136.815,1023.9945
117.75,1486.36,19.223,19.045,10.2466,34.518428,31.1489,10.2445,4.48454,136.872,1023.9934
118,1486.36,19.284,19.104,10.2473,34.518245,31.1481,10.2452,4.48471,136.877,1023.9929
118.25,1486.36,19.366,19.186,10.248,34.518245,31.1475,10.2459,4.48357,136.842,1023.9927
118.5,1486.36,19.451,19.271,10.248,34.51904,31.1483,10.2458,4.48704,136.948,1023.9936
118.75,1486.36,19.532,19.35,10.247,34.518857,31.149,10.2448,4.48307,136.827,1023.9947
119,1486.36,19.583,19.401,10.2464,34.52014,31.1507,10.2442,4.47221,136.495,1023.9964
119.25,1486.36,19.608,19.426,10.2451,34.520752,31.1524,10.2429,4.48287,136.82,1023.9981
119.5,1486.36,19.61,19.428,10.244,34.519285,31.1519,10.2418,4.4849,136.882,1023.9979
119.75,1486.36,19.608,19.426,10.2449,34.519041,31.1509,10.2427,4.48917,137.013,1023.9969
120,1486.36,19.614,19.432,10.2464,34.51843,31.1489,10.2442,4.48294,136.823,1023.9952
120.25,1486.36,19.645,19.462,10.2477,34.518185,31.1476,10.2455,4.48321,136.831,1023.9941
120.5,1486.37,19.707,19.524,10.2485,34.517574,31.1462,10.2463,4.48344,136.838,1023.9931
120.75,1486.37,19.795,19.611,10.2487,34.519896,31.1484,10.2465,4.48177,136.787,1023.9952
121,1486.37,19.886,19.701,10.247,34.520752,31.1507,10.2447,4.48063,136.752,1023.9977
121.25,1486.36,19.949,19.764,10.2447,34.520325,31.1522,10.2425,4.46755,136.353,1023.9995
121.5,1486.36,19.982,19.797,10.2435,34.520325,31.1532,10.2412,4.47292,136.517,1024.0007
121.75,1486.36,19.992,19.806,10.2433,34.521425,31.1545,10.241,4.47907,136.704,1024.0018
122,1486.36,19.994,19.808,10.2437,34.521425,31.1541,10.2415,4.48267,136.814,1024.0014
122.25,1486.36,20.008,19.823,10.2442,34.521425,31.1537,10.242,4.48676,136.939,1024.0011
122.5,1486.36,20.047,19.861,10.2442,34.52057,31.1528,10.242,4.48576,136.908,1024.0005
122.75,1486.37,20.108,19.922,10.2442,34.520142,31.1524,10.2419,4.49351,137.145,1024.0005
123,1486.37,20.182,19.994,10.2442,34.52057,31.1527,10.242,4.49407,137.162,1024.0011
123.25,1486.37,20.251,20.063,10.2438,34.520571,31.153,10.2416,4.49804,137.283,1024.0017
123.5,1486.37,20.312,20.123,10.2432,34.520815,31.1538,10.2409,4.4938,137.154,1024.0027
123.75,1486.37,20.357,20.168,10.2428,34.520755,31.1541,10.2405,4.49035,137.048,1024.0032
124,1486.37,20.388,20.199,10.2429,34.520755,31.154,10.2406,4.48707,136.948,1024.0032
124.25,1486.37,20.402,20.213,10.2433,34.522038,31.1549,10.2411,4.47989,136.729,1024.0039
124.5,1486.37,20.414,20.225,10.2442,34.520999,31.1531,10.242,4.47419,136.555,1024.0024
124.75,1486.37,20.432,20.243,10.2444,34.520327,31.1522,10.2422,4.47334,136.53,1024.0018
125,1486.37,20.471,20.281,10.2443,34.520755,31.1527,10.242,4.46601,136.306,1024.0024
125.25,1486.37,20.538,20.348,10.2439,34.520144,31.1524,10.2416,4.46763,136.355,1024.0025
125.5,1486.37,20.632,20.441,10.244,34.519472,31.1516,10.2418,4.46225,136.191,1024.0023
125.75,1486.37,20.714,20.522,10.2443,34.519472,31.1513,10.242,4.46827,136.375,1024.0024
126,1486.38,20.772,20.579,10.2444,34.5199,31.1516,10.2421,4.4649,136.272,1024.0029
126.25,1486.38,20.796,20.603,10.2442,34.521795,31.1537,10.2419,4.45809,136.064,1024.0047
126.5,1486.38,20.795,20.602,10.2432,34.523078,31.1559,10.2409,4.45666,136.02,1024.0065
126.75,1486.38,20.79,20.597,10.2431,34.522467,31.1554,10.2407,4.46133,136.163,1024.0061
127,1486.38,20.801,20.608,10.2436,34.522039,31.1544,10.2413,4.46311,136.217,1024.0053
127.25,1486.38,20.839,20.646,10.2437,34.522223,31.1546,10.2414,4.47462,136.568,1024.0056
127.5,1486.38,20.905,20.711,10.2429,34.522895,31.1559,10.2406,4.48027,136.741,1024.007
127.75,1486.37,20.984,20.789,10.2411,34.522651,31.1571,10.2388,4.48705,136.948,1024.0087
128,1486.37,21.069,20.874,10.2395,34.523079,31.1589,10.2371,4.49235,137.109,1024.0107
128.25,1486.37,21.136,20.939,10.238,34.523935,31.161,10.2357,4.49864,137.3,1024.0129
128.5,1486.37,21.182,20.985,10.236,34.52583,31.1647,10.2336,4.49154,137.084,1024.0163
128.75,1486.37,21.202,21.005,10.2339,34.52858,31.1692,10.2316,4.49064,137.056,1024.0202
129,1486.36,21.198,21.001,10.2318,34.530108,31.1726,10.2294,4.48711,136.947,1024.0232
129.25,1486.36,21.195,20.998,10.2301,34.532431,31.1763,10.2278,4.48932,137.014,1024.0264
129.5,1486.35,21.208,21.011,10.2267,34.531759,31.1785,10.2244,4.48407,136.854,1024.0287
129.75,1486.35,21.257,21.059,10.2236,34.532615,31.1821,10.2212,4.47977,136.722,1024.0323
130,1486.34,21.334,21.136,10.2204,34.532616,31.1848,10.218,4.47733,136.647,1024.0352
130.25,1486.33,21.422,21.223,10.2174,34.529866,31.1846,10.215,4.46719,136.338,1024.036
130.5,1486.33,21.488,21.288,10.2172,34.529011,31.1838,10.2149,4.45849,136.072,1024.0357
130.75,1486.33,21.528,21.328,10.2193,34.529011,31.1821,10.2169,4.45771,136.049,1024.0342
131,1486.34,21.546,21.346,10.2213,34.529866,31.1811,10.2189,4.44663,135.711,1024.0332
131.25,1486.35,21.559,21.359,10.2225,34.53115,31.1814,10.2201,4.44227,135.578,1024.0333
131.5,1486.35,21.583,21.382,10.2233,34.530294,31.1799,10.2209,4.44831,135.762,1024.032
131.75,1486.35,21.629,21.428,10.2242,34.528155,31.1769,10.2218,4.44665,135.712,1024.0298
132,1486.36,21.696,21.495,10.2245,34.533044,31.1815,10.2221,4.44693,135.72,1024.0337
132.25,1486.35,21.761,21.558,10.2209,34.535367,31.187,10.2184,4.44598,135.69,1024.0388
132.5,1486.34,21.817,21.614,10.2155,34.536224,31.1924,10.2131,4.4514,135.855,1024.0442
132.75,1486.33,21.852,21.649,10.2109,34.536652,31.1968,10.2085,4.45283,135.898,1024.0485
133,1486.32,21.871,21.668,10.2085,34.538119,31.2003,10.2061,4.44917,135.786,1024.0517
133.25,1486.32,21.889,21.686,10.2066,34.540076,31.2039,10.2042,4.44551,135.674,1024.0549
133.5,1486.32,21.909,21.706,10.2041,34.541787,31.2078,10.2017,4.45321,135.909,1024.0584
133.75,1486.31,21.939,21.735,10.2002,34.543255,31.2126,10.1978,4.45282,135.896,1024.063
134,1486.3,21.979,21.775,10.1965,34.543011,31.2155,10.194,4.45941,136.097,1024.0661
134.25,1486.29,22.027,21.822,10.1937,34.543256,31.2181,10.1912,4.4567,136.014,1024.0688
134.5,1486.29,22.087,21.882,10.1916,34.54344,31.2201,10.1891,4.45332,135.91,1024.071
134.75,1486.29,22.139,21.933,10.1903,34.54344,31.2212,10.1878,4.44685,135.713,1024.0723
135,1486.29,22.179,21.973,10.1892,34.545763,31.2245,10.1867,4.44856,135.764,1024.0752
135.25,1486.29,22.196,21.989,10.1872,34.547475,31.2279,10.1847,4.44666,135.706,1024.0783
135.5,1486.28,22.187,21.98,10.185,34.547658,31.23,10.1825,4.43758,135.429,1024.0802
135.75,1486.28,22.159,21.953,10.1853,34.547658,31.2297,10.1828,4.42796,135.135,1024.0798
136,1486.28,22.135,21.929,10.1867,34.546619,31.2275,10.1842,4.42276,134.977,1024.0777
136.25,1486.28,22.129,21.923,10.1877,34.546435,31.2265,10.1852,4.41902,134.863,1024.0767
136.5,1486.28,22.141,21.936,10.1877,34.546435,31.2265,10.1852,4.40662,134.484,1024.0768
136.75,1486.28,22.17,21.964,10.1868,34.545763,31.2265,10.1844,4.41265,134.668,1024.0771
137,1486.28,22.19,21.984,10.186,34.546008,31.2275,10.1835,4.39649,134.175,1024.0781
137.25,1486.28,22.196,21.99,10.1846,34.546191,31.2288,10.1822,4.39548,134.144,1024.0794
137.5,1486.27,22.178,21.972,10.1836,34.546864,31.2304,10.1811,4.38924,133.953,1024.0807
137.75,1486.28,22.138,21.932,10.1835,34.548331,31.2319,10.1811,4.38639,133.866,1024.0817
138,1486.28,22.081,21.876,10.1843,34.548086,31.231,10.1819,4.3868,133.879,1024.0806
138.25,1486.28,22.021,21.817,10.1853,34.548086,31.2302,10.1829,4.38464,133.813,1024.0796
138.5,1486.28,21.966,21.762,10.1859,34.547474,31.2291,10.1835,4.37849,133.626,1024.0784
138.75,1486.28,21.917,21.714,10.1865,34.547474,31.2286,10.1841,4.37955,133.658,1024.0777
139,1486.28,21.865,21.662,10.1873,34.547474,31.228,10.1849,4.38297,133.762,1024.0768
139.25,1486.28,21.8,21.598,10.1878,34.547045,31.2271,10.1854,4.38211,133.736,1024.0757
139.5,1486.28,21.712,21.51,10.1881,34.546617,31.2264,10.1857,4.39506,134.132,1024.0747
139.75,1486.28,21.593,21.393,10.1895,34.54515,31.2239,10.1871,4.39151,134.023,1024.072
140,1486.28,21.45,21.251,10.1914,34.54301,31.2201,10.189,4.38937,133.959,1024.0681
140.25,1486.28,21.293,21.095,10.1936,34.544048,31.2193,10.1913,4.39353,134.086,1024.0664
140.5,1486.29,21.138,20.942,10.1959,34.545331,31.2187,10.1936,4.39463,134.119,1024.0648
140.75,1486.29,20.996,20.801,10.1982,34.544902,31.2163,10.1959,4.39385,134.096,1024.0619
141,1486.29,20.861,20.667,10.2004,34.543251,31.2128,10.1981,4.39701,134.193,1024.0583
141.25,1486.3,20.718,20.526,10.2023,34.543434,31.2114,10.2,4.40467,134.427,1024.0562
141.5,1486.3,20.553,20.363,10.2036,34.542394,31.2093,10.2014,4.41592,134.77,1024.0536
141.75,1486.29,20.37,20.181,10.2052,34.536648,31.2023,10.2029,4.41918,134.871,1024.0471
142,1486.29,20.17,19.983,10.2087,34.530963,31.1937,10.2065,4.42441,135.031,1024.0388
142.25,1486.3,19.97,19.785,10.2139,34.532184,31.1905,10.2117,4.42483,135.044,1024.0345
142.5,1486.31,19.784,19.601,10.2179,34.534322,31.1893,10.2157,4.43398,135.324,1024.0321
142.75,1486.31,19.621,19.439,10.2203,34.531693,31.1847,10.2181,4.43319,135.3,1024.0274
143,1486.31,19.483,19.302,10.2227,34.529859,31.1808,10.2206,4.42908,135.175,1024.0233
143.25,1486.31,19.351,19.171,10.2249,34.526681,31.1758,10.2227,4.43401,135.326,1024.0185
143.5,1486.31,19.207,19.028,10.2275,34.524969,31.1719,10.2253,4.43437,135.338,1024.0144
143.75,1486.32,19.039,18.863,10.2298,34.524785,31.1698,10.2277,4.44019,135.516,1024.0116
144,1486.32,18.855,18.679,10.2313,34.524967,31.1688,10.2292,4.44171,135.562,1024.0097
144.25,1486.32,18.667,18.494,10.2322,34.5246,31.1678,10.2301,4.45497,135.967,1024.0079
144.5,1486.32,18.49,18.318,10.2332,34.523744,31.1661,10.2312,4.46147,136.165,1024.0056
144.75,1486.32,18.318,18.148,10.2347,34.523743,31.1649,10.2326,4.46379,136.237,1024.0037
145,1486.32,18.157,17.989,10.2366,34.524781,31.1644,10.2346,4.46716,136.34,1024.0022
145.25,1486.32,18.004,17.837,10.2379,34.524964,31.1635,10.2359,4.46828,136.374,1024.0006
145.5,1486.32,17.855,17.69,10.2385,34.523313,31.1614,10.2365,4.46781,136.36,1023.9982
145.75,1486.32,17.707,17.543,10.2389,34.522641,31.1604,10.2369,4.46577,136.297,1023.9967
146,1486.31,17.545,17.382,10.2396,34.520807,31.158,10.2377,4.46186,136.178,1023.994
146.25,1486.31,17.371,17.209,10.2411,34.518851,31.1549,10.2391,4.45985,136.117,1023.9905
146.5,1486.31,17.192,17.032,10.2434,34.515856,31.15,10.2415,4.46396,136.243,1023.9855
146.75,1486.31,17.022,16.864,10.2468,34.513105,31.1444,10.2449,4.46348,136.229,1023.9798
147,1486.32,16.868,16.712,10.2514,34.51231,31.1397,10.2495,4.46307,136.218,1023.9747
147.25,1486.33,16.725,16.57,10.2557,34.510354,31.1341,10.2539,4.45698,136.032,1023.9689
147.5,1486.33,16.581,16.427,10.2605,34.504854,31.1245,10.2587,4.46503,136.279,1023.96
147.75,1486.35,16.425,16.273,10.2668,34.506135,31.1205,10.265,4.4706,136.45,1023.9551
148,1486.35,16.252,16.101,10.2711,34.502774,31.1135,10.2693,4.47925,136.715,1023.9482
148.25,1486.35,16.061,15.912,10.2751,34.499352,31.1067,10.2733,4.4904,137.056,1023.9414
148.5,1486.35,15.871,15.724,10.2813,34.488599,31.0907,10.2796,4.49797,137.289,1023.927
148.75,1486.38,15.697,15.551,10.2924,34.491529,31.0842,10.2907,4.51186,137.713,1023.9193
149,1486.4,15.546,15.402,10.2993,34.489207,31.0761,10.2975,4.51979,137.956,1023.9112
149.25,1486.41,15.415,15.272,10.3045,34.487495,31.07,10.3028,4.52729,138.186,1023.905
149.5,1486.41,15.286,15.144,10.3092,34.484929,31.0634,10.3075,4.52427,138.095,1023.8984
149.75,1486.42,15.143,15.002,10.3133,34.483706,31.0588,10.3116,4.52433,138.097,1023.8935
150,1486.42,14.976,14.837,10.3167,34.483278,31.0555,10.3151,4.54106,138.608,1023.8896
150.25,1486.43,14.787,14.65,10.3187,34.483094,31.0537,10.3171,4.5456,138.747,1023.887
150.5,1486.42,14.589,14.454,10.3199,34.479062,31.0487,10.3183,4.55582,139.059,1023.8821
150.75,1486.43,14.396,14.262,10.3238,34.479672,31.0461,10.3222,4.56136,139.229,1023.8785
151,1486.44,14.217,14.085,10.3273,34.480953,31.0444,10.3257,4.57699,139.706,1023.8758
151.25,1486.44,14.065,13.934,10.3295,34.479059,31.0407,10.3279,4.58989,140.101,1023.8719
151.5,1486.44,13.937,13.808,10.3324,34.475211,31.0345,10.3309,4.59532,140.267,1023.8659
151.75,1486.44,13.824,13.696,10.3367,34.468675,31.0244,10.3351,4.60295,140.501,1023.8568
152,1486.45,13.702,13.575,10.3438,34.462139,31.0118,10.3423,4.61148,140.763,1023.8453
152.25,1486.47,13.549,13.423,10.353,34.464275,31.0062,10.3515,4.60753,140.643,1023.8387
152.5,1486.48,13.356,13.232,10.3582,34.463175,31.0007,10.3567,4.62068,141.045,1023.8327
152.75,1486.48,13.141,13.019,10.3612,34.460853,30.9959,10.3597,4.62627,141.217,1023.8275
153,1486.49,12.936,12.816,10.365,34.458959,30.9908,10.3636,4.61976,141.019,1023.8219
153.25,1486.5,12.761,12.643,10.3699,34.458347,30.9861,10.3685,4.61997,141.026,1023.8166
153.5,1486.5,12.628,12.511,10.3745,34.456698,30.9806,10.3731,4.62278,141.112,1023.811
153.75,1486.51,12.505,12.389,10.3782,34.451751,30.9726,10.3768,4.6258,141.205,1023.8036
154,1486.51,12.372,12.258,10.3837,34.448819,30.965,10.3824,4.63237,141.406,1023.7962
154.25,1486.53,12.22,12.107,10.3898,34.447536,30.9586,10.3885,4.64216,141.706,1023.7894
154.5,1486.54,12.048,11.937,10.3946,34.44839,30.9555,10.3932,4.64619,141.83,1023.7855
154.75,1486.54,11.865,11.755,10.3965,34.447534,30.9531,10.3952,4.66361,142.362,1023.7824
155,1486.54,11.674,11.566,10.3981,34.446251,30.9505,10.3968,4.67741,142.783,1023.7793
155.25,1486.54,11.484,11.378,10.4003,34.447105,30.9496,10.399,4.69145,143.212,1023.7774
155.5,1486.54,11.309,11.205,10.4021,34.446494,30.9475,10.4009,4.69647,143.366,1023.7746
155.75,1486.54,11.159,11.056,10.4041,34.445455,30.9449,10.4028,4.70322,143.572,1023.7716
156,1486.54,11.026,10.924,10.4058,34.444355,30.9424,10.4045,4.72009,144.087,1023.7687
156.25,1486.54,10.891,10.79,10.4075,34.4435,30.9401,10.4063,4.70868,143.739,1023.7661
156.5,1486.55,10.731,10.631,10.4091,34.443499,30.9388,10.4079,4.71762,144.013,1023.7641
156.75,1486.54,10.536,10.438,10.4098,34.443071,30.9378,10.4087,4.7319,144.449,1023.7623
157,1486.54,10.322,10.226,10.4106,34.442277,30.9365,10.4094,4.73292,144.48,1023.7602
157.25,1486.54,10.109,10.015,10.412,34.442032,30.9352,10.4108,4.73986,144.692,1023.7579
157.5,1486.54,9.919,9.827,10.4145,34.438002,30.929,10.4134,4.7496,144.99,1023.7518
157.75,1486.55,9.796,9.705,10.4203,34.438794,30.925,10.4192,4.74734,144.921,1023.7472
158,1486.55,9.669,9.58,10.4258,34.427683,30.9093,10.4247,4.74942,144.987,1023.7335
158.25,1486.58,9.548,9.459,10.4373,34.427864,30.8997,10.4363,4.75622,145.196,1023.7235
158.5,1486.59,9.418,9.331,10.448,34.416266,30.8792,10.4469,4.74443,144.838,1023.7052
158.75,1486.63,9.269,9.183,10.4636,34.416263,30.866,10.4626,4.74355,144.813,1023.6916
159,1486.65,9.122,9.038,10.477,34.404666,30.8432,10.476,4.75045,145.027,1023.671
159.25,1486.68,8.971,8.888,10.496,34.394778,30.8173,10.495,4.75587,145.195,1023.6469
159.5,1486.74,8.816,8.734,10.5201,34.392883,30.7952,10.5191,4.7525,145.096,1023.625
159.75,1486.77,8.655,8.575,10.5384,34.384826,30.7718,10.5374,4.76703,145.542,1023.6029
160,1486.82,8.495,8.416,10.5581,34.385251,30.7556,10.5572,4.77671,145.84,1023.5863
160.25,1486.85,8.351,8.274,10.5707,34.381039,30.7409,10.5697,4.79856,146.509,1023.5721
160.5,1486.87,8.227,8.151,10.5828,34.376828,30.7266,10.5818,4.82551,147.334,1023.5584
160.75,1486.9,8.118,8.043,10.5981,34.370909,30.7079,10.5971,4.84782,148.018,1023.5407
161,1486.94,8.01,7.936,10.6149,34.366697,30.6896,10.614,4.88072,149.024,1023.5232
161.25,1486.97,7.881,7.808,10.6312,34.362913,30.6722,10.6303,4.91126,149.96,1023.5063
161.5,1487.01,7.732,7.66,10.6504,34.357055,30.6504,10.6495,4.95019,151.151,1023.4854
161.75,1487.07,7.576,7.506,10.6718,34.357418,30.6329,10.6709,4.99449,152.506,1023.4675
162,1487.1,7.43,7.361,10.6865,34.358087,30.6213,10.6857,5.02646,153.484,1023.4553
162.25,1487.12,7.302,7.235,10.6958,34.356622,30.6121,10.6949,5.0572,154.424,1023.446
162.5,1487.15,7.182,7.116,10.7063,34.35534,30.602,10.7055,5.08691,155.333,1023.4358
162.75,1487.16,7.054,6.989,10.7149,34.354484,30.5941,10.7141,5.11409,156.164,1023.4276
163,1487.19,6.914,6.85,10.7256,34.352775,30.5835,10.7248,5.15071,157.284,1023.4169
163.25,1487.23,6.772,6.709,10.7412,34.353444,30.5712,10.7405,5.17805,158.12,1023.404
163.5,1487.25,6.637,6.575,10.7506,34.352588,30.5626,10.7498,5.20223,158.86,1023.3951
163.75,1487.27,6.502,6.442,10.7592,34.353441,30.5562,10.7585,5.23007,159.711,1023.3881
164,1487.29,6.362,6.303,10.7681,34.354476,30.5499,10.7674,5.25165,160.371,1023.3811
164.25,1487.31,6.216,6.158,10.7767,34.353987,30.5423,10.776,5.26988,160.929,1023.373
164.5,1487.32,6.073,6.016,10.7815,34.35362,30.538,10.7808,5.28915,161.518,1023.3682
164.75,1487.32,5.936,5.881,10.7833,34.354717,30.5377,10.7826,5.2932,161.642,1023.367
165,1487.33,5.805,5.751,10.786,34.354899,30.5357,10.7853,5.30266,161.931,1023.3644
165.25,1487.34,5.676,5.623,10.7897,34.356362,30.5341,10.789,5.31616,162.344,1023.362
165.5,1487.35,5.542,5.491,10.7938,34.356788,30.5311,10.7931,5.33054,162.783,1023.3584
165.75,1487.36,5.404,5.354,10.7983,34.358678,30.5293,10.7976,5.33931,163.052,1023.3555
166,1487.37,5.269,5.22,10.8044,34.359714,30.5252,10.8038,5.34304,163.166,1023.3507
166.25,1487.39,5.141,5.093,10.811,34.36081,30.5209,10.8104,5.35745,163.607,1023.3457
166.5,1487.4,5.016,4.97,10.8157,34.361602,30.5178,10.8151,5.36761,163.918,1023.3419
166.75,1487.4,4.883,4.838,10.8185,34.361236,30.5151,10.8179,5.37377,164.106,1023.3387
167,1487.41,4.734,4.69,10.8209,34.363309,30.5152,10.8204,5.38394,164.417,1023.3377
167.25,1487.42,4.575,4.533,10.8249,34.364772,30.5134,10.8244,5.38891,164.569,1023.3349
167.5,1487.43,4.42,4.379,10.8293,34.366906,30.5119,10.8288,5.39158,164.651,1023.3323
167.75,1487.44,4.279,4.24,10.8339,34.369223,30.5104,10.8334,5.39588,164.782,1023.3297
168,1487.46,4.153,4.115,10.8391,34.371296,30.5082,10.8386,5.4026,164.988,1023.3265
168.25,1487.47,4.033,3.996,10.8438,34.372393,30.5054,10.8433,5.39656,164.804,1023.323
168.5,1487.48,3.907,3.871,10.8477,34.37532,30.5051,10.8473,5.4144,165.349,1023.3215
168.75,1487.51,3.764,3.729,10.8539,34.3863,30.5108,10.8535,5.41689,165.425,1023.3242
169,1487.53,3.608,3.575,10.8666,34.384346,30.4984,10.8662,5.4265,165.72,1023.3117
169.25,1487.56,3.448,3.416,10.8749,34.392398,30.4995,10.8745,5.43523,165.987,1023.3104
169.5,1487.59,3.295,3.265,10.8846,34.39679,30.4958,10.8842,5.4428,166.218,1023.3052
169.75,1487.61,3.155,3.126,10.894,34.39746,30.4886,10.8937,5.45255,166.518,1023.2974
170,1487.63,3.027,2.999,10.9,34.397886,30.4841,10.8997,5.45647,166.638,1023.2923
170.25,1487.64,2.907,2.88,10.9033,34.403743,30.4872,10.903,5.46846,167.004,1023.2936
170.5,1487.66,2.79,2.764,10.9095,34.409052,30.4873,10.9091,5.47682,167.259,1023.2921
170.75,1487.68,2.662,2.638,10.9177,34.409783,30.4813,10.9174,5.49138,167.705,1023.2854
171,1487.69,2.514,2.491,10.9226,34.413443,30.4809,10.9223,5.50459,168.109,1023.2836
171.25,1487.72,2.346,2.325,10.9284,34.421499,30.484,10.9281,5.51622,168.463,1023.2843
171.5,1487.74,2.17,2.15,10.9371,34.422352,30.4777,10.9369,5.52959,168.873,1023.277
171.75,1487.75,2.001,1.983,10.9432,34.423571,30.4739,10.943,5.54083,169.217,1023.2723
172,1487.76,1.853,1.836,10.9472,34.426988,30.474,10.947,5.5491,169.469,1023.271
172.25,1487.77,1.724,1.708,10.9513,34.42949,30.4731,10.9511,5.55874,169.764,1023.269
172.5,1487.8,1.604,1.589,10.9558,34.440294,30.48,10.9557,5.57804,170.353,1023.273
172.75,1487.82,1.49,1.476,10.9641,34.441331,30.4742,10.9639,5.59322,170.817,1023.2666
173,1487.83,1.37,1.357,10.9707,34.442185,30.4696,10.9706,5.61239,171.404,1023.2614
173.25,1487.84,1.243,1.232,10.975,34.445542,30.4694,10.9748,5.63058,171.959,1023.2599
173.5,1487.86,1.111,1.101,10.9792,34.453967,30.4742,10.979,5.6292,171.917,1023.2623
173.75,1487.9,0.966,0.957,10.9872,34.469415,30.4828,10.9871,5.64175,172.299,1023.2669
174,1487.93,0.824,0.816,10.9996,34.466848,30.47,10.9995,5.64481,172.395,1023.2543
174.25,1487.94,0.705,0.699,11.0069,34.461595,30.4589,11.0068,5.65298,172.646,1023.2438
174.5,1487.95,0.624,0.618,11.0082,34.4688,30.4649,11.0081,5.65511,172.71,1023.2479
174.75,1487.97,0.569,0.564,11.0114,34.481442,30.4747,11.0113,5.66098,172.888,1023.2547
175,1488,0.516,0.511,11.0208,34.489076,30.4744,11.0207,5.66269,172.941,1023.2526
175.25,1488.03,0.461,0.456,11.032,34.491396,30.4673,11.032,5.67349,173.272,1023.245
175.5,1488.05,0.395,0.391,11.0401,34.493716,30.463,11.04,5.69374,173.891,1023.2399
175.75,1488.07,0.314,0.311,11.0453,34.495609,30.4605,11.0453,5.71886,174.659,1023.2367
176,1488.08,0.219,0.217,11.0494,34.49903,30.4605,11.0494,5.72599,174.877,1023.2356
176.25,1488.09,0.104,0.103,11.0536,34.50135,30.4594,11.0536,5.73717,175.218,1023.2334
176.5,1488.1,0.019,0.019,11.0579,34.501777,30.4563,11.0578,5.75018,175.616,1023.2299
176.75,1488.1,0.022,0.021,11.0614,34.494812,30.4465,11.0614,5.75811,175.86,1023.2217
177,1488.1,0.022,0.022,11.0627,34.492246,30.4429,11.0627,5.76189,175.976,1023.2187
177.25,1488.09,0.022,0.021,11.0592,34.48736,30.4411,11.0592,5.75909,175.89,1023.2178
177.5,1488.07,0.021,0.021,11.053,34.486322,30.4452,11.053,5.74197,175.367,1023.2221
177.75,1488.05,0.021,0.021,11.0463,34.483758,30.4482,11.0463,5.72345,174.8,1023.2256
178,1488.03,0.021,0.02,11.0417,34.479116,30.4475,11.0416,5.68295,173.563,1023.2259
178.25,1488.02,0.021,0.02,11.0375,34.474719,30.4467,11.0374,5.63819,172.196,1023.226
178.5,1488,0.021,0.02,11.0325,34.470689,30.4468,11.0325,5.60218,171.096,1023.2269
178.75,1487.99,0.021,0.02,11.027,34.468552,30.4493,11.027,5.55043,169.516,1023.2298
179,1487.97,0.021,0.02,11.0223,34.465255,30.4499,11.0223,5.507,168.189,1023.2311
179.25,1487.95,0.021,0.021,11.0179,34.459698,30.4482,11.0179,5.47459,167.199,1023.2305
179.5,1487.94,0.02,0.02,11.0135,34.463057,30.4551,11.0135,5.44493,166.292,1023.2367
179.75,1482.25,0.021,0.02,11.0101,29.583432,25.7261,11.0101,5.59821,171.59,1019.5642
180,1457.48,0.021,0.02,11.0104,6.639341,5.088,11.0104,6.40969,199.593,1003.5714
180.25,1458.05,0.02,0.02,11.012,7.210861,5.5587,11.012,6.47631,201.594,1003.9366
180.5,1458.49,0.021,0.02,11.0131,7.64085,5.9149,11.0131,6.61965,205.999,1004.2129
180.75,1458.24,0.021,0.021,11.014,7.38778,5.7048,11.0139,6.85994,213.512,1004.0497
181,1457.29,0.021,0.02,11.0142,6.440498,4.9245,11.0142,7.17534,223.463,1003.444
181.25,1456.88,0.02,0.02,11.0135,6.025939,4.5861,11.0135,7.49931,233.613,1003.1813
181.5,1456.48,0.02,0.02,11.0126,5.624027,4.26,11.0126,7.83304,244.071,1002.928
181.75,1456.12,0.021,0.02,11.0112,5.260582,3.9667,11.0112,8.14065,253.714,1002.7003
182,1455.59,0.02,0.02,11.01,4.724791,3.5373,11.01,8.43142,262.863,1002.3667
182.25,1454.84,0.02,0.019,11.0086,3.947293,2.9211,11.0086,8.67332,270.535,1001.8875
182.5,1454.38,0.02,0.02,11.0076,3.471088,2.5483,11.0076,8.84447,275.953,1001.5973
182.75,1454.4,0.02,0.02,11.0062,3.503686,2.5738,11.0062,8.95625,279.435,1001.6173
183,1454.53,0.02,0.019,11.0045,3.643498,2.6831,11.0045,9.01407,281.215,1001.7026
183.25,1454.27,0.02,0.02,11.003,3.374298,2.4732,11.003,9.06699,282.912,1001.5394
183.5,1454.07,0.02,0.02,11.0015,3.172432,2.3167,11.0015,9.10401,284.102,1001.4176
183.75,1453.83,0.02,0.02,11.0001,2.922354,2.1237,11.0001,9.11823,284.588,1001.2674
184,1453.66,0.02,0.019,10.9991,2.751229,1.9923,10.9991,9.12206,284.737,1001.1651
184.25,1453.71,0.019,0.019,10.998,2.808353,2.0362,10.998,9.10011,284.042,1001.1994
184.5,1453.74,0.019,0.019,10.997,2.847101,2.066,10.997,9.09349,283.829,1001.2228
184.75,1453.9,0.02,0.02,10.9962,3.011557,2.1927,10.9961,9.07073,283.09,1001.3216
185,1454.32,0.02,0.02,10.9955,3.459164,2.5398,10.9955,9.03992,282.052,1001.592
185.25,1454.22,0.02,0.02,10.9949,3.35528,2.459,10.9949,9.02819,281.704,1001.5292
185.5,1453.97,0.019,0.019,10.9943,3.09841,2.2598,10.9943,9.03069,281.826,1001.3741
185.75,1453.87,0.02,0.019,10.9934,2.994074,2.1793,10.9934,9.02575,281.689,1001.3115
186,1453.66,0.019,0.019,10.9924,2.777059,2.0125,10.9924,9.01487,281.386,1001.1816
186.25,1453.35,0.019,0.019,10.9915,2.448,1.7613,10.9915,9.02359,281.713,1000.9858
186.5,1453.25,0.02,0.019,10.9907,2.348263,1.6856,10.9907,9.02004,281.619,1000.9268
186.75,1453.52,0.02,0.019,10.9897,2.638084,1.9062,10.9897,8.9917,280.686,1001.099
187,1453.57,0.019,0.019,10.9888,2.698307,1.9523,10.9888,8.96977,279.991,1001.135
187.25,1453.57,0.019,0.019,10.9877,2.697634,1.9519,10.9877,8.96455,279.829,1001.1348
187.5,1453.48,0.02,0.02,10.9866,2.60241,1.8791,10.9866,8.95035,279.401,1001.0782
187.75,1453.22,0.02,0.02,10.9857,2.333806,1.6749,10.9857,8.95645,279.636,1000.919
188,1453.26,0.02,0.02,10.9847,2.378564,1.7088,10.9846,8.94519,279.277,1000.9456
188.25,1453.1,0.02,0.019,10.9836,2.211934,1.5828,10.9836,8.95082,279.48,1000.8474
188.5,1452.92,0.02,0.019,10.9827,2.017386,1.4364,10.9827,8.95707,279.707,1000.7332
188.75,1452.72,0.02,0.019,10.9816,1.811692,1.2826,10.9816,8.96529,279.998,1000.6133
189,1452.47,0.019,0.019,10.9803,1.542919,1.0834,10.9803,8.97092,280.217,1000.4578
189.25,1452.31,0.02,0.02,10.979,1.369545,0.956,10.979,8.97565,280.393,1000.3584
189.5,1452.4,0.02,0.019,10.9778,1.477751,1.0354,10.9778,8.9683,280.145,1000.4206
189.75,1452.44,0.02,0.019,10.9763,1.529876,1.0739,10.9763,8.96476,280.026,1000.4508
190,1452.62,0.02,0.02,10.975,1.725409,1.2186,10.975,8.95358,279.646,1000.564
190.25,1452.7,0.021,0.02,10.9733,1.816599,1.2865,10.9733,8.94506,279.365,1000.6172
190.5,1452.74,0.021,0.021,10.9717,1.874162,1.3295,10.9717,8.94358,279.309,1000.651
190.75,1452.71,0.021,0.02,10.9702,1.845872,1.3085,10.9702,8.95085,279.541,1000.6347
191,1452.67,0.02,0.02,10.969,1.81052,1.2821,10.969,8.95227,279.591,1000.6143
191.25,1452.62,0.02,0.02,10.9679,1.761644,1.2458,10.9679,8.95126,279.567,1000.586
191.5,1452.57,0.02,0.02,10.9669,1.709403,1.207,10.9669,8.95708,279.757,1000.5558
191.75,1452.57,0.02,0.019,10.9659,1.707222,1.2054,10.9659,8.9541,279.664,1000.5546
192,1452.48,0.02,0.019,10.9652,1.613968,1.1363,10.9652,8.96071,279.886,1000.5007
192.25,1452.37,0.02,0.02,10.9648,1.491736,1.0461,10.9648,8.97451,280.337,1000.4303
192.5,1452.29,0.021,0.021,10.9645,1.406958,0.9838,10.9645,8.9777,280.45,1000.3816
192.75,1452.16,0.02,0.02,10.9644,1.264614,0.8797,10.9644,8.98292,280.636,1000.3003
193,1452.58,0.02,0.02,10.9639,1.727161,1.2203,10.9639,8.96305,279.941,1000.5665
193.25,1452.65,0.02,0.02,10.9634,1.806664,1.2795,10.9634,8.95852,279.786,1000.6127
193.5,1452.79,0.02,0.019,10.9627,1.961915,1.3955,10.9627,8.95468,279.641,1000.7034
193.75,1452.85,0.02,0.02,10.9619,2.029998,1.4466,10.9619,8.94528,279.336,1000.7434
194,1452.73,0.02,0.02,10.9613,1.908281,1.3554,10.9613,8.94553,279.364,1000.6723
194.25,1452.65,0.02,0.02,10.9606,1.815303,1.286,10.9606,8.95318,279.618,1000.6181
194.5,1452.59,0.02,0.02,10.9596,1.76226,1.2465,10.9596,8.9598,279.833,1000.5874
194.75,1452.46,0.02,0.02,10.959,1.616507,1.1384,10.959,8.96526,280.027,1000.503
195,1452.38,0.02,0.02,10.9584,1.538408,1.0807,10.9583,8.98095,280.53,1000.458
195.25,1452.27,0.02,0.02,10.958,1.414199,0.9893,10.958,8.97491,280.362,1000.3866
195.5,1452.19,0.02,0.02,10.9577,1.323473,0.9228,10.9577,8.97901,280.504,1000.3347
195.75,1452.14,0.02,0.02,10.9574,1.269972,0.8838,10.9574,8.98419,280.675,1000.3042
196,1452.1,0.021,0.02,10.9571,1.2355,0.8587,10.9571,8.98883,280.825,1000.2846
196.25,1452.14,0.02,0.02,10.9566,1.274789,0.8873,10.9566,8.98709,280.764,1000.307
196.5,1452.15,0.02,0.02,10.9557,1.294069,0.9014,10.9557,8.98388,280.661,1000.3181
196.75,1452.16,0.02,0.02,10.9552,1.30869,0.9121,10.9552,8.97941,280.519,1000.3266
197,1452.14,0.02,0.019,10.9544,1.283523,0.8937,10.9544,8.98309,280.638,1000.3123
197.25,1452.08,0.02,0.02,10.9536,1.226215,0.852,10.9536,8.99487,281.015,1000.2797
197.5,1452,0.021,0.02,10.9527,1.13454,0.7855,10.9527,8.99623,281.072,1000.2278
197.75,1451.93,0.021,0.02,10.9522,1.059766,0.7314,10.9522,8.99751,281.124,1000.1855
198,1451.88,0.02,0.02,10.9515,1.006565,0.6931,10.9515,8.99314,280.996,1000.1556
198.25,1451.84,0.021,0.02,10.9509,0.96213,0.6612,10.9509,8.98794,280.84,1000.1307
198.5,1451.79,0.02,0.02,10.9506,0.907341,0.622,10.9506,8.98667,280.809,1000.1
198.75,1451.72,0.021,0.021,10.9501,0.830895,0.5674,10.9501,8.99439,281.062,1000.0574
199,1451.69,0.021,0.021,10.9495,0.798399,0.5443,10.9495,8.99358,281.042,1000.0394
199.25,1451.68,0.02,0.02,10.9494,0.7916,0.5395,10.9494,8.99074,280.954,1000.0356
199.5,1451.69,0.02,0.02,10.949,0.808204,0.5513,10.949,8.99431,281.063,1000.0449
199.75,1451.79,0.021,0.021,10.9489,0.914207,0.6269,10.9489,8.99444,281.051,1000.1041
200,1451.91,0.02,0.02,10.9485,1.05762,0.7299,10.9485,8.99336,280.994,1000.1848
200.25,1452.07,0.021,0.021,10.9483,1.231022,0.8556,10.9483,8.98441,280.687,1000.2831
200.5,1452.16,0.021,0.021,10.9481,1.336847,0.9329,10.9481,8.98647,280.735,1000.3435
200.75,1452.16,0.02,0.02,10.9479,1.334099,0.9309,10.9479,8.98765,280.772,1000.342
201,1452.05,0.021,0.021,10.9477,1.219096,0.847,10.9477,8.992,280.926,1000.2764
201.25,1452.04,0.021,0.021,10.9475,1.206035,0.8375,10.9475,8.99908,281.15,1000.269
201.5,1452.01,0.021,0.021,10.9473,1.174003,0.8142,10.9473,8.99875,281.144,1000.2508
201.75,1451.94,0.02,0.02,10.9472,1.097389,0.7587,10.9472,8.99878,281.158,1000.2074
202,1451.87,0.021,0.021,10.9468,1.013077,0.6979,10.9468,9.00919,281.496,1000.1599
202.25,1451.78,0.021,0.021,10.9465,0.92232,0.6327,10.9465,9.01419,281.667,1000.1089
202.5,1451.71,0.02,0.02,10.946,0.840656,0.5744,10.946,9.01477,281.698,1000.0633
202.75,1451.65,0.02,0.02,10.9458,0.776274,0.5287,10.9458,9.01841,281.822,1000.0275
203,1451.6,0.021,0.021,10.9454,0.720683,0.4894,10.9454,9.0208,281.905,999.9967
203.25,1451.57,0.021,0.021,10.9451,0.680516,0.461,10.9451,9.02178,281.942,999.9746
203.5,1451.54,0.021,0.021,10.945,0.647908,0.4381,10.945,9.02934,282.183,999.9566
203.75,1451.51,0.021,0.021,10.9452,0.618357,0.4174,10.9452,9.03148,282.255,999.9404
204,1451.49,0.021,0.021,10.9455,0.590247,0.3977,10.9455,9.0276,282.138,999.9249
204.25,1451.47,0.02,0.02,10.946,0.565349,0.3803,10.946,9.03472,282.364,999.9112
204.5,1451.45,0.021,0.021,10.9463,0.545627,0.3666,10.9463,9.03474,282.368,999.9004
204.75,1451.44,0.02,0.02,10.9467,0.534495,0.3588,10.9467,9.03249,282.299,999.8943
205,1451.44,0.021,0.021,10.9473,0.525634,0.3527,10.9473,9.03582,282.405,999.8894
205.25,1451.43,0.02,0.02,10.9479,0.517271,0.3468,10.9479,9.03188,282.283,999.8848
205.5,1451.43,0.02,0.02,10.9484,0.50685,0.3396,10.9484,9.03748,282.46,999.8791
205.75,1451.42,0.02,0.02,10.9494,0.495769,0.3319,10.9494,9.02538,282.083,999.873
206,1451.41,0.02,0.02,10.9501,0.484606,0.3242,10.9501,9.03367,282.344,999.8668
206.25,1451.41,0.021,0.021,10.9508,0.475188,0.3177,10.9508,9.03177,282.286,999.8616
206.5,1451.4,0.021,0.021,10.9513,0.46615,0.3114,10.9513,9.03118,282.269,999.8567
206.75,1451.4,0.02,0.02,10.9518,0.458044,0.3058,10.9518,9.03203,282.297,999.8523
207,1451.39,0.021,0.021,10.9524,0.450316,0.3005,10.9524,9.03097,282.265,999.848
207.25,1451.39,0.021,0.021,10.9529,0.441435,0.2944,10.9529,9.03298,282.329,999.8432
207.5,1451.38,0.02,0.02,10.9535,0.432008,0.2879,10.9535,9.03212,282.304,999.838
207.75,1451.38,0.021,0.021,10.954,0.422268,0.2812,10.954,9.03864,282.509,999.8327
208,1451.37,0.021,0.021,10.9544,0.412186,0.2743,10.9544,9.0304,282.253,999.8272
208.25,1451.36,0.021,0.021,10.9546,0.403062,0.268,10.9546,9.02734,282.158,999.8223
208.5,1451.36,0.02,0.02,10.955,0.395471,0.2628,10.955,9.03769,282.483,999.8182
208.75,1451.35,0.021,0.021,10.9552,0.38872,0.2582,10.9552,9.03389,282.365,999.8145
209,1451.35,0.02,0.02,10.9556,0.382144,0.2537,10.9556,9.03748,282.479,999.811
209.25,1451.34,0.02,0.02,10.9561,0.376176,0.2496,10.9561,9.0383,282.505,999.8077
209.5,1451.34,0.021,0.021,10.9565,0.370353,0.2456,10.9565,9.03132,282.288,999.8045
209.75,1451.34,0.02,0.02,10.957,0.364763,0.2418,10.957,9.03852,282.514,999.8015
210,1451.34,0.021,0.021,10.9575,0.360413,0.2388,10.9575,9.04173,282.615,999.7991
210.25,1451.34,0.021,0.021,10.9579,0.365887,0.2426,10.9579,9.03994,282.558,999.802
210.5,1451.37,0.021,0.021,10.9583,0.391663,0.2602,10.9583,9.03238,282.318,999.8158
210.75,1451.4,0.02,0.02,10.9588,0.426689,0.2842,10.9588,9.03389,282.36,999.8346
211,1451.42,0.021,0.021,10.9592,0.45567,0.3041,10.9592,9.03121,282.272,999.8502
211.25,1451.43,0.021,0.021,10.9595,0.466121,0.3113,10.9595,9.0366,282.439,999.8558
211.5,1451.43,0.021,0.021,10.9597,0.462763,0.309,10.9597,9.03386,282.353,999.854
211.75,1451.43,0.021,0.021,10.96,0.457696,0.3055,10.96,9.02516,282.082,999.8512
212,1451.43,0.022,0.021,10.9603,0.451329,0.3011,10.9603,9.02945,282.217,999.8477
212.25,1451.42,0.021,0.021,10.9609,0.448522,0.2992,10.9608,9.03969,282.538,999.8461
212.5,1451.43,0.021,0.021,10.9618,0.448609,0.2992,10.9618,9.04098,282.578,999.8461
212.75,1451.43,0.021,0.021,10.9627,0.448754,0.2993,10.9627,9.03996,282.546,999.8461
213,1451.44,0.021,0.021,10.9638,0.448001,0.2988,10.9638,9.03215,282.302,999.8455
213.25,1451.44,0.021,0.021,10.9649,0.445629,0.2972,10.9649,9.03289,282.326,999.8441
213.5,1451.44,0.021,0.021,10.9659,0.442678,0.2951,10.9659,9.03187,282.294,999.8424
213.75,1451.44,0.021,0.021,10.9671,0.438716,0.2924,10.9671,9.03869,282.508,999.8402
214,1451.44,0.021,0.021,10.9682,0.433569,0.2888,10.9681,9.02722,282.15,999.8373
214.25,1451.44,0.021,0.021,10.969,0.427239,0.2845,10.969,9.03318,282.338,999.8338
214.5,1451.44,0.021,0.021,10.97,0.419725,0.2793,10.97,9.03025,282.247,999.8296
214.75,1451.43,0.021,0.021,10.9709,0.411695,0.2738,10.9709,9.03629,282.437,999.8252
215,1451.44,0.021,0.021,10.9719,0.414583,0.2758,10.9719,9.03838,282.502,999.8266
215.25,1451.52,0.021,0.021,10.973,0.510072,0.3416,10.9729,9.02952,282.211,999.8782
215.5,1451.72,0.022,0.021,10.9742,0.731537,0.4966,10.9742,9.01912,281.852,999.9995
215.75,1451.86,0.022,0.021,10.9751,0.883975,0.6049,10.9751,9.00935,281.523,1000.0842
216,1451.95,0.022,0.021,10.9762,0.979227,0.673,10.9762,9.0155,281.7,1000.1374
216.25,1452.04,0.021,0.021,10.9773,1.081687,0.7467,10.9773,9.0067,281.409,1000.195
216.5,1452.07,0.022,0.021,10.9784,1.108052,0.7658,10.9784,9.00725,281.422,1000.2097
216.75,1452.02,0.021,0.021,10.9793,1.044599,0.72,10.9793,8.99831,281.152,1000.1738
217,1451.96,0.021,0.021,10.9801,0.972428,0.6681,10.9801,9.00925,281.506,1000.1331
217.25,1451.9,0.021,0.021,10.9809,0.909087,0.6227,10.9809,9.00912,281.512,1000.0975
217.5,1451.86,0.021,0.021,10.9816,0.858746,0.5868,10.9816,9.00802,281.485,1000.0693
217.75,1451.83,0.021,0.02,10.9824,0.817277,0.5573,10.9823,9.01579,281.734,1000.0461
218,1451.81,0.021,0.021,10.9837,0.790482,0.5382,10.9837,9.015,281.714,1000.0311
218.25,1451.81,0.021,0.021,10.9849,0.788157,0.5366,10.9849,9.01875,281.832,1000.0297
218.5,1451.84,0.022,0.021,10.9869,0.807851,0.5505,10.9869,9.02187,281.926,1000.0404
218.75,1451.86,0.021,0.021,10.9884,0.826178,0.5635,10.9884,9.01908,281.836,1000.0504
219,1451.87,0.021,0.02,10.99,0.825175,0.5628,10.99,9.01751,281.787,1000.0497
219.25,1451.86,0.021,0.021,10.9914,0.807792,0.5504,10.9914,9.02184,281.925,1000.0398
219.5,1451.84,0.021,0.021,10.993,0.785451,0.5345,10.993,9.01966,281.861,1000.0273
219.75,1451.84,0.02,0.02,10.9943,0.782068,0.5321,10.9943,9.01687,281.774,1000.0252
220,1451.89,0.021,0.021,10.9958,0.822729,0.5609,10.9958,9.01822,281.81,1000.0476
220.25,1452,0.022,0.021,10.9976,0.942171,0.6461,10.9976,9.01206,281.599,1000.1141
220.5,1452.13,0.021,0.021,10.9992,1.080971,0.7458,10.9992,9.00279,281.287,1000.192
220.75,1452.23,0.021,0.021,11.0008,1.183266,0.8198,11.0008,8.99922,281.159,1000.2496
221,1452.27,0.021,0.021,11.0023,1.223,0.8486,11.0023,8.99565,281.041,1000.272
221.25,1452.26,0.022,0.021,11.0037,1.208616,0.8381,11.0037,8.99395,280.991,1000.2637
221.5,1452.2,0.022,0.021,11.0052,1.140613,0.7888,11.0052,8.99787,281.124,1000.2249
221.75,1452.12,0.022,0.021,11.0067,1.041024,0.7169,11.0067,8.9984,281.157,1000.1685
222,1452.04,0.021,0.021,11.0087,0.940333,0.6446,11.0087,9.00224,281.292,1000.1118
222.25,1451.97,0.021,0.021,11.0107,0.848888,0.5793,11.0107,9.00649,281.44,1000.0605
222.5,1451.91,0.021,0.021,11.0131,0.776979,0.5282,11.0131,9.01396,281.684,1000.0203
222.75,1451.87,0.021,0.021,11.0155,0.723851,0.4907,11.0155,9.00989,281.566,999.9906
223,1451.85,0.021,0.021,11.0179,0.681775,0.461,11.0179,9.00798,281.513,999.9671
223.25,1451.83,0.022,0.021,11.0202,0.65311,0.4409,11.0202,9.01313,281.678,999.9511
223.5,1451.84,0.021,0.021,11.0225,0.652701,0.4406,11.0225,9.02356,282.004,999.9506
223.75,1451.87,0.022,0.021,11.0244,0.675775,0.4567,11.0244,9.02203,281.953,999.9631
224,1451.89,0.021,0.021,11.0261,0.695859,0.4708,11.0261,9.0124,281.649,999.974
224.25,1451.9,0.021,0.021,11.0278,0.701044,0.4745,11.0278,9.00918,281.547,999.9766
224.5,1451.97,0.021,0.021,11.0293,0.776097,0.5274,11.0293,9.0135,281.671,1000.0179
224.75,1452.1,0.021,0.021,11.0309,0.908583,0.6215,11.0309,9.00647,281.43,1000.0914